refArea,EndDate,Currency,Item Code,StartDate,Value,Observation URI,references,Month,publisher,Year,Item,dataset
http://dbpedia.org/resource/Lebanon,12/31/1970,Lebanese Pound,LCU,1/1/1970,3.27E+00,http://linked.aub.edu.lb/CODEC/Lebanon/observation/exchange-rates-Lebanon-Local+currency+units+per+USD-Annual+value-1970,https://data.humdata.org/dataset/faostat-food-prices-for-lebanon,Annual value,Food and Agriculture Organization,1970,Local currency units per USD,http://linked.aub.edu.lb/CODEC/Lebanon/Dataset/exchange-rates-Lebanon
http://dbpedia.org/resource/Lebanon,12/31/1971,Lebanese Pound,LCU,1/1/1971,3.23E+00,http://linked.aub.edu.lb/CODEC/Lebanon/observation/exchange-rates-Lebanon-Local+currency+units+per+USD-Annual+value-1971,https://data.humdata.org/dataset/faostat-food-prices-for-lebanon,Annual value,Food and Agriculture Organization,1971,Local currency units per USD,http://linked.aub.edu.lb/CODEC/Lebanon/Dataset/exchange-rates-Lebanon
http://dbpedia.org/resource/Lebanon,12/31/1972,Lebanese Pound,LCU,1/1/1972,3.05E+00,http://linked.aub.edu.lb/CODEC/Lebanon/observation/exchange-rates-Lebanon-Local+currency+units+per+USD-Annual+value-1972,https://data.humdata.org/dataset/faostat-food-prices-for-lebanon,Annual value,Food and Agriculture Organization,1972,Local currency units per USD,http://linked.aub.edu.lb/CODEC/Lebanon/Dataset/exchange-rates-Lebanon
http://dbpedia.org/resource/Lebanon,12/31/1973,Lebanese Pound,LCU,1/1/1973,2.61E+00,http://linked.aub.edu.lb/CODEC/Lebanon/observation/exchange-rates-Lebanon-Local+currency+units+per+USD-Annual+value-1973,https://data.humdata.org/dataset/faostat-food-prices-for-lebanon,Annual value,Food and Agriculture Organization,1973,Local currency units per USD,http://linked.aub.edu.lb/CODEC/Lebanon/Dataset/exchange-rates-Lebanon
http://dbpedia.org/resource/Lebanon,12/31/1974,Lebanese Pound,LCU,1/1/1974,2.33E+00,http://linked.aub.edu.lb/CODEC/Lebanon/observation/exchange-rates-Lebanon-Local+currency+units+per+USD-Annual+value-1974,https://data.humdata.org/dataset/faostat-food-prices-for-lebanon,Annual value,Food and Agriculture Organization,1974,Local currency units per USD,http://linked.aub.edu.lb/CODEC/Lebanon/Dataset/exchange-rates-Lebanon
http://dbpedia.org/resource/Lebanon,12/31/1975,Lebanese Pound,LCU,1/1/1975,2.30E+00,http://linked.aub.edu.lb/CODEC/Lebanon/observation/exchange-rates-Lebanon-Local+currency+units+per+USD-Annual+value-1975,https://data.humdata.org/dataset/faostat-food-prices-for-lebanon,Annual value,Food and Agriculture Organization,1975,Local currency units per USD,http://linked.aub.edu.lb/CODEC/Lebanon/Dataset/exchange-rates-Lebanon
http://dbpedia.org/resource/Lebanon,12/31/1976,Lebanese Pound,LCU,1/1/1976,2.87E+00,http://linked.aub.edu.lb/CODEC/Lebanon/observation/exchange-rates-Lebanon-Local+currency+units+per+USD-Annual+value-1976,https://data.humdata.org/dataset/faostat-food-prices-for-lebanon,Annual value,Food and Agriculture Organization,1976,Local currency units per USD,http://linked.aub.edu.lb/CODEC/Lebanon/Dataset/exchange-rates-Lebanon
http://dbpedia.org/resource/Lebanon,12/31/1977,Lebanese Pound,LCU,1/1/1977,3.07E+00,http://linked.aub.edu.lb/CODEC/Lebanon/observation/exchange-rates-Lebanon-Local+currency+units+per+USD-Annual+value-1977,https://data.humdata.org/dataset/faostat-food-prices-for-lebanon,Annual value,Food and Agriculture Organization,1977,Local currency units per USD,http://linked.aub.edu.lb/CODEC/Lebanon/Dataset/exchange-rates-Lebanon
http://dbpedia.org/resource/Lebanon,12/31/1978,Lebanese Pound,LCU,1/1/1978,2.96E+00,http://linked.aub.edu.lb/CODEC/Lebanon/observation/exchange-rates-Lebanon-Local+currency+units+per+USD-Annual+value-1978,https://data.humdata.org/dataset/faostat-food-prices-for-lebanon,Annual value,Food and Agriculture Organization,1978,Local currency units per USD,http://linked.aub.edu.lb/CODEC/Lebanon/Dataset/exchange-rates-Lebanon
http://dbpedia.org/resource/Lebanon,12/31/1979,Lebanese Pound,LCU,1/1/1979,3.24E+00,http://linked.aub.edu.lb/CODEC/Lebanon/observation/exchange-rates-Lebanon-Local+currency+units+per+USD-Annual+value-1979,https://data.humdata.org/dataset/faostat-food-prices-for-lebanon,Annual value,Food and Agriculture Organization,1979,Local currency units per USD,http://linked.aub.edu.lb/CODEC/Lebanon/Dataset/exchange-rates-Lebanon
http://dbpedia.org/resource/Lebanon,12/31/1980,Lebanese Pound,LCU,1/1/1980,3.44E+00,http://linked.aub.edu.lb/CODEC/Lebanon/observation/exchange-rates-Lebanon-Local+currency+units+per+USD-Annual+value-1980,https://data.humdata.org/dataset/faostat-food-prices-for-lebanon,Annual value,Food and Agriculture Organization,1980,Local currency units per USD,http://linked.aub.edu.lb/CODEC/Lebanon/Dataset/exchange-rates-Lebanon
http://dbpedia.org/resource/Lebanon,12/31/1981,Lebanese Pound,LCU,1/1/1981,4.31E+00,http://linked.aub.edu.lb/CODEC/Lebanon/observation/exchange-rates-Lebanon-Local+currency+units+per+USD-Annual+value-1981,https://data.humdata.org/dataset/faostat-food-prices-for-lebanon,Annual value,Food and Agriculture Organization,1981,Local currency units per USD,http://linked.aub.edu.lb/CODEC/Lebanon/Dataset/exchange-rates-Lebanon
http://dbpedia.org/resource/Lebanon,12/31/1982,Lebanese Pound,LCU,1/1/1982,4.74E+00,http://linked.aub.edu.lb/CODEC/Lebanon/observation/exchange-rates-Lebanon-Local+currency+units+per+USD-Annual+value-1982,https://data.humdata.org/dataset/faostat-food-prices-for-lebanon,Annual value,Food and Agriculture Organization,1982,Local currency units per USD,http://linked.aub.edu.lb/CODEC/Lebanon/Dataset/exchange-rates-Lebanon
http://dbpedia.org/resource/Lebanon,12/31/1983,Lebanese Pound,LCU,1/1/1983,4.53E+00,http://linked.aub.edu.lb/CODEC/Lebanon/observation/exchange-rates-Lebanon-Local+currency+units+per+USD-Annual+value-1983,https://data.humdata.org/dataset/faostat-food-prices-for-lebanon,Annual value,Food and Agriculture Organization,1983,Local currency units per USD,http://linked.aub.edu.lb/CODEC/Lebanon/Dataset/exchange-rates-Lebanon
http://dbpedia.org/resource/Lebanon,12/31/1984,Lebanese Pound,LCU,1/1/1984,6.51E+00,http://linked.aub.edu.lb/CODEC/Lebanon/observation/exchange-rates-Lebanon-Local+currency+units+per+USD-Annual+value-1984,https://data.humdata.org/dataset/faostat-food-prices-for-lebanon,Annual value,Food and Agriculture Organization,1984,Local currency units per USD,http://linked.aub.edu.lb/CODEC/Lebanon/Dataset/exchange-rates-Lebanon
http://dbpedia.org/resource/Lebanon,12/31/1985,Lebanese Pound,LCU,1/1/1985,1.64E+01,http://linked.aub.edu.lb/CODEC/Lebanon/observation/exchange-rates-Lebanon-Local+currency+units+per+USD-Annual+value-1985,https://data.humdata.org/dataset/faostat-food-prices-for-lebanon,Annual value,Food and Agriculture Organization,1985,Local currency units per USD,http://linked.aub.edu.lb/CODEC/Lebanon/Dataset/exchange-rates-Lebanon
http://dbpedia.org/resource/Lebanon,12/31/1986,Lebanese Pound,LCU,1/1/1986,3.84E+01,http://linked.aub.edu.lb/CODEC/Lebanon/observation/exchange-rates-Lebanon-Local+currency+units+per+USD-Annual+value-1986,https://data.humdata.org/dataset/faostat-food-prices-for-lebanon,Annual value,Food and Agriculture Organization,1986,Local currency units per USD,http://linked.aub.edu.lb/CODEC/Lebanon/Dataset/exchange-rates-Lebanon
http://dbpedia.org/resource/Lebanon,12/31/1987,Lebanese Pound,LCU,1/1/1987,2.25E+02,http://linked.aub.edu.lb/CODEC/Lebanon/observation/exchange-rates-Lebanon-Local+currency+units+per+USD-Annual+value-1987,https://data.humdata.org/dataset/faostat-food-prices-for-lebanon,Annual value,Food and Agriculture Organization,1987,Local currency units per USD,http://linked.aub.edu.lb/CODEC/Lebanon/Dataset/exchange-rates-Lebanon
http://dbpedia.org/resource/Lebanon,12/31/1988,Lebanese Pound,LCU,1/1/1988,4.09E+02,http://linked.aub.edu.lb/CODEC/Lebanon/observation/exchange-rates-Lebanon-Local+currency+units+per+USD-Annual+value-1988,https://data.humdata.org/dataset/faostat-food-prices-for-lebanon,Annual value,Food and Agriculture Organization,1988,Local currency units per USD,http://linked.aub.edu.lb/CODEC/Lebanon/Dataset/exchange-rates-Lebanon
http://dbpedia.org/resource/Lebanon,12/31/1989,Lebanese Pound,LCU,1/1/1989,4.97E+02,http://linked.aub.edu.lb/CODEC/Lebanon/observation/exchange-rates-Lebanon-Local+currency+units+per+USD-Annual+value-1989,https://data.humdata.org/dataset/faostat-food-prices-for-lebanon,Annual value,Food and Agriculture Organization,1989,Local currency units per USD,http://linked.aub.edu.lb/CODEC/Lebanon/Dataset/exchange-rates-Lebanon
http://dbpedia.org/resource/Lebanon,12/31/1990,Lebanese Pound,LCU,1/1/1990,6.95E+02,http://linked.aub.edu.lb/CODEC/Lebanon/observation/exchange-rates-Lebanon-Local+currency+units+per+USD-Annual+value-1990,https://data.humdata.org/dataset/faostat-food-prices-for-lebanon,Annual value,Food and Agriculture Organization,1990,Local currency units per USD,http://linked.aub.edu.lb/CODEC/Lebanon/Dataset/exchange-rates-Lebanon
http://dbpedia.org/resource/Lebanon,12/31/1991,Lebanese Pound,LCU,1/1/1991,9.28E+02,http://linked.aub.edu.lb/CODEC/Lebanon/observation/exchange-rates-Lebanon-Local+currency+units+per+USD-Annual+value-1991,https://data.humdata.org/dataset/faostat-food-prices-for-lebanon,Annual value,Food and Agriculture Organization,1991,Local currency units per USD,http://linked.aub.edu.lb/CODEC/Lebanon/Dataset/exchange-rates-Lebanon
http://dbpedia.org/resource/Lebanon,12/31/1992,Lebanese Pound,LCU,1/1/1992,1.71E+03,http://linked.aub.edu.lb/CODEC/Lebanon/observation/exchange-rates-Lebanon-Local+currency+units+per+USD-Annual+value-1992,https://data.humdata.org/dataset/faostat-food-prices-for-lebanon,Annual value,Food and Agriculture Organization,1992,Local currency units per USD,http://linked.aub.edu.lb/CODEC/Lebanon/Dataset/exchange-rates-Lebanon
http://dbpedia.org/resource/Lebanon,12/31/1993,Lebanese Pound,LCU,1/1/1993,1.74E+03,http://linked.aub.edu.lb/CODEC/Lebanon/observation/exchange-rates-Lebanon-Local+currency+units+per+USD-Annual+value-1993,https://data.humdata.org/dataset/faostat-food-prices-for-lebanon,Annual value,Food and Agriculture Organization,1993,Local currency units per USD,http://linked.aub.edu.lb/CODEC/Lebanon/Dataset/exchange-rates-Lebanon
http://dbpedia.org/resource/Lebanon,12/31/1994,Lebanese Pound,LCU,1/1/1994,1.68E+03,http://linked.aub.edu.lb/CODEC/Lebanon/observation/exchange-rates-Lebanon-Local+currency+units+per+USD-Annual+value-1994,https://data.humdata.org/dataset/faostat-food-prices-for-lebanon,Annual value,Food and Agriculture Organization,1994,Local currency units per USD,http://linked.aub.edu.lb/CODEC/Lebanon/Dataset/exchange-rates-Lebanon
http://dbpedia.org/resource/Lebanon,12/31/1995,Lebanese Pound,LCU,1/1/1995,1.62E+03,http://linked.aub.edu.lb/CODEC/Lebanon/observation/exchange-rates-Lebanon-Local+currency+units+per+USD-Annual+value-1995,https://data.humdata.org/dataset/faostat-food-prices-for-lebanon,Annual value,Food and Agriculture Organization,1995,Local currency units per USD,http://linked.aub.edu.lb/CODEC/Lebanon/Dataset/exchange-rates-Lebanon
http://dbpedia.org/resource/Lebanon,12/31/1996,Lebanese Pound,LCU,1/1/1996,1.57E+03,http://linked.aub.edu.lb/CODEC/Lebanon/observation/exchange-rates-Lebanon-Local+currency+units+per+USD-Annual+value-1996,https://data.humdata.org/dataset/faostat-food-prices-for-lebanon,Annual value,Food and Agriculture Organization,1996,Local currency units per USD,http://linked.aub.edu.lb/CODEC/Lebanon/Dataset/exchange-rates-Lebanon
http://dbpedia.org/resource/Lebanon,12/31/1997,Lebanese Pound,LCU,1/1/1997,1.54E+03,http://linked.aub.edu.lb/CODEC/Lebanon/observation/exchange-rates-Lebanon-Local+currency+units+per+USD-Annual+value-1997,https://data.humdata.org/dataset/faostat-food-prices-for-lebanon,Annual value,Food and Agriculture Organization,1997,Local currency units per USD,http://linked.aub.edu.lb/CODEC/Lebanon/Dataset/exchange-rates-Lebanon
http://dbpedia.org/resource/Lebanon,12/31/1998,Lebanese Pound,LCU,1/1/1998,1.52E+03,http://linked.aub.edu.lb/CODEC/Lebanon/observation/exchange-rates-Lebanon-Local+currency+units+per+USD-Annual+value-1998,https://data.humdata.org/dataset/faostat-food-prices-for-lebanon,Annual value,Food and Agriculture Organization,1998,Local currency units per USD,http://linked.aub.edu.lb/CODEC/Lebanon/Dataset/exchange-rates-Lebanon
http://dbpedia.org/resource/Lebanon,12/31/1999,Lebanese Pound,LCU,1/1/1999,1.51E+03,http://linked.aub.edu.lb/CODEC/Lebanon/observation/exchange-rates-Lebanon-Local+currency+units+per+USD-Annual+value-1999,https://data.humdata.org/dataset/faostat-food-prices-for-lebanon,Annual value,Food and Agriculture Organization,1999,Local currency units per USD,http://linked.aub.edu.lb/CODEC/Lebanon/Dataset/exchange-rates-Lebanon
http://dbpedia.org/resource/Lebanon,12/31/2000,Lebanese Pound,LCU,1/1/2000,1.51E+03,http://linked.aub.edu.lb/CODEC/Lebanon/observation/exchange-rates-Lebanon-Local+currency+units+per+USD-Annual+value-2000,https://data.humdata.org/dataset/faostat-food-prices-for-lebanon,Annual value,Food and Agriculture Organization,2000,Local currency units per USD,http://linked.aub.edu.lb/CODEC/Lebanon/Dataset/exchange-rates-Lebanon
http://dbpedia.org/resource/Lebanon,12/31/2001,Lebanese Pound,LCU,1/1/2001,1.51E+03,http://linked.aub.edu.lb/CODEC/Lebanon/observation/exchange-rates-Lebanon-Local+currency+units+per+USD-Annual+value-2001,https://data.humdata.org/dataset/faostat-food-prices-for-lebanon,Annual value,Food and Agriculture Organization,2001,Local currency units per USD,http://linked.aub.edu.lb/CODEC/Lebanon/Dataset/exchange-rates-Lebanon
http://dbpedia.org/resource/Lebanon,12/31/2002,Lebanese Pound,LCU,1/1/2002,1.51E+03,http://linked.aub.edu.lb/CODEC/Lebanon/observation/exchange-rates-Lebanon-Local+currency+units+per+USD-Annual+value-2002,https://data.humdata.org/dataset/faostat-food-prices-for-lebanon,Annual value,Food and Agriculture Organization,2002,Local currency units per USD,http://linked.aub.edu.lb/CODEC/Lebanon/Dataset/exchange-rates-Lebanon
http://dbpedia.org/resource/Lebanon,12/31/2003,Lebanese Pound,LCU,1/1/2003,1.51E+03,http://linked.aub.edu.lb/CODEC/Lebanon/observation/exchange-rates-Lebanon-Local+currency+units+per+USD-Annual+value-2003,https://data.humdata.org/dataset/faostat-food-prices-for-lebanon,Annual value,Food and Agriculture Organization,2003,Local currency units per USD,http://linked.aub.edu.lb/CODEC/Lebanon/Dataset/exchange-rates-Lebanon
http://dbpedia.org/resource/Lebanon,12/31/2004,Lebanese Pound,LCU,1/1/2004,1.51E+03,http://linked.aub.edu.lb/CODEC/Lebanon/observation/exchange-rates-Lebanon-Local+currency+units+per+USD-Annual+value-2004,https://data.humdata.org/dataset/faostat-food-prices-for-lebanon,Annual value,Food and Agriculture Organization,2004,Local currency units per USD,http://linked.aub.edu.lb/CODEC/Lebanon/Dataset/exchange-rates-Lebanon
http://dbpedia.org/resource/Lebanon,12/31/2005,Lebanese Pound,LCU,1/1/2005,1.51E+03,http://linked.aub.edu.lb/CODEC/Lebanon/observation/exchange-rates-Lebanon-Local+currency+units+per+USD-Annual+value-2005,https://data.humdata.org/dataset/faostat-food-prices-for-lebanon,Annual value,Food and Agriculture Organization,2005,Local currency units per USD,http://linked.aub.edu.lb/CODEC/Lebanon/Dataset/exchange-rates-Lebanon
http://dbpedia.org/resource/Lebanon,12/31/2006,Lebanese Pound,LCU,1/1/2006,1.51E+03,http://linked.aub.edu.lb/CODEC/Lebanon/observation/exchange-rates-Lebanon-Local+currency+units+per+USD-Annual+value-2006,https://data.humdata.org/dataset/faostat-food-prices-for-lebanon,Annual value,Food and Agriculture Organization,2006,Local currency units per USD,http://linked.aub.edu.lb/CODEC/Lebanon/Dataset/exchange-rates-Lebanon
http://dbpedia.org/resource/Lebanon,12/31/2007,Lebanese Pound,LCU,1/1/2007,1.51E+03,http://linked.aub.edu.lb/CODEC/Lebanon/observation/exchange-rates-Lebanon-Local+currency+units+per+USD-Annual+value-2007,https://data.humdata.org/dataset/faostat-food-prices-for-lebanon,Annual value,Food and Agriculture Organization,2007,Local currency units per USD,http://linked.aub.edu.lb/CODEC/Lebanon/Dataset/exchange-rates-Lebanon
http://dbpedia.org/resource/Lebanon,12/31/2008,Lebanese Pound,LCU,1/1/2008,1.51E+03,http://linked.aub.edu.lb/CODEC/Lebanon/observation/exchange-rates-Lebanon-Local+currency+units+per+USD-Annual+value-2008,https://data.humdata.org/dataset/faostat-food-prices-for-lebanon,Annual value,Food and Agriculture Organization,2008,Local currency units per USD,http://linked.aub.edu.lb/CODEC/Lebanon/Dataset/exchange-rates-Lebanon
http://dbpedia.org/resource/Lebanon,12/31/2009,Lebanese Pound,LCU,1/1/2009,1.51E+03,http://linked.aub.edu.lb/CODEC/Lebanon/observation/exchange-rates-Lebanon-Local+currency+units+per+USD-Annual+value-2009,https://data.humdata.org/dataset/faostat-food-prices-for-lebanon,Annual value,Food and Agriculture Organization,2009,Local currency units per USD,http://linked.aub.edu.lb/CODEC/Lebanon/Dataset/exchange-rates-Lebanon
http://dbpedia.org/resource/Lebanon,12/31/2010,Lebanese Pound,LCU,1/1/2010,1.51E+03,http://linked.aub.edu.lb/CODEC/Lebanon/observation/exchange-rates-Lebanon-Local+currency+units+per+USD-Annual+value-2010,https://data.humdata.org/dataset/faostat-food-prices-for-lebanon,Annual value,Food and Agriculture Organization,2010,Local currency units per USD,http://linked.aub.edu.lb/CODEC/Lebanon/Dataset/exchange-rates-Lebanon
http://dbpedia.org/resource/Lebanon,12/31/2011,Lebanese Pound,LCU,1/1/2011,1.51E+03,http://linked.aub.edu.lb/CODEC/Lebanon/observation/exchange-rates-Lebanon-Local+currency+units+per+USD-Annual+value-2011,https://data.humdata.org/dataset/faostat-food-prices-for-lebanon,Annual value,Food and Agriculture Organization,2011,Local currency units per USD,http://linked.aub.edu.lb/CODEC/Lebanon/Dataset/exchange-rates-Lebanon
http://dbpedia.org/resource/Lebanon,12/31/2012,Lebanese Pound,LCU,1/1/2012,1.51E+03,http://linked.aub.edu.lb/CODEC/Lebanon/observation/exchange-rates-Lebanon-Local+currency+units+per+USD-Annual+value-2012,https://data.humdata.org/dataset/faostat-food-prices-for-lebanon,Annual value,Food and Agriculture Organization,2012,Local currency units per USD,http://linked.aub.edu.lb/CODEC/Lebanon/Dataset/exchange-rates-Lebanon
http://dbpedia.org/resource/Lebanon,12/31/2013,Lebanese Pound,LCU,1/1/2013,1.51E+03,http://linked.aub.edu.lb/CODEC/Lebanon/observation/exchange-rates-Lebanon-Local+currency+units+per+USD-Annual+value-2013,https://data.humdata.org/dataset/faostat-food-prices-for-lebanon,Annual value,Food and Agriculture Organization,2013,Local currency units per USD,http://linked.aub.edu.lb/CODEC/Lebanon/Dataset/exchange-rates-Lebanon
http://dbpedia.org/resource/Lebanon,12/31/2014,Lebanese Pound,LCU,1/1/2014,1.51E+03,http://linked.aub.edu.lb/CODEC/Lebanon/observation/exchange-rates-Lebanon-Local+currency+units+per+USD-Annual+value-2014,https://data.humdata.org/dataset/faostat-food-prices-for-lebanon,Annual value,Food and Agriculture Organization,2014,Local currency units per USD,http://linked.aub.edu.lb/CODEC/Lebanon/Dataset/exchange-rates-Lebanon
http://dbpedia.org/resource/Lebanon,12/31/2015,Lebanese Pound,LCU,1/1/2015,1.51E+03,http://linked.aub.edu.lb/CODEC/Lebanon/observation/exchange-rates-Lebanon-Local+currency+units+per+USD-Annual+value-2015,https://data.humdata.org/dataset/faostat-food-prices-for-lebanon,Annual value,Food and Agriculture Organization,2015,Local currency units per USD,http://linked.aub.edu.lb/CODEC/Lebanon/Dataset/exchange-rates-Lebanon
http://dbpedia.org/resource/Lebanon,12/31/2016,Lebanese Pound,LCU,1/1/2016,1.51E+03,http://linked.aub.edu.lb/CODEC/Lebanon/observation/exchange-rates-Lebanon-Local+currency+units+per+USD-Annual+value-2016,https://data.humdata.org/dataset/faostat-food-prices-for-lebanon,Annual value,Food and Agriculture Organization,2016,Local currency units per USD,http://linked.aub.edu.lb/CODEC/Lebanon/Dataset/exchange-rates-Lebanon
http://dbpedia.org/resource/Lebanon,12/31/2017,Lebanese Pound,LCU,1/1/2017,1.51E+03,http://linked.aub.edu.lb/CODEC/Lebanon/observation/exchange-rates-Lebanon-Local+currency+units+per+USD-Annual+value-2017,https://data.humdata.org/dataset/faostat-food-prices-for-lebanon,Annual value,Food and Agriculture Organization,2017,Local currency units per USD,http://linked.aub.edu.lb/CODEC/Lebanon/Dataset/exchange-rates-Lebanon
http://dbpedia.org/resource/Lebanon,12/31/2018,Lebanese Pound,LCU,1/1/2018,1.51E+03,http://linked.aub.edu.lb/CODEC/Lebanon/observation/exchange-rates-Lebanon-Local+currency+units+per+USD-Annual+value-2018,https://data.humdata.org/dataset/faostat-food-prices-for-lebanon,Annual value,Food and Agriculture Organization,2018,Local currency units per USD,http://linked.aub.edu.lb/CODEC/Lebanon/Dataset/exchange-rates-Lebanon
http://dbpedia.org/resource/Lebanon,12/31/2019,Lebanese Pound,LCU,1/1/2019,1.51E+03,http://linked.aub.edu.lb/CODEC/Lebanon/observation/exchange-rates-Lebanon-Local+currency+units+per+USD-Annual+value-2019,https://data.humdata.org/dataset/faostat-food-prices-for-lebanon,Annual value,Food and Agriculture Organization,2019,Local currency units per USD,http://linked.aub.edu.lb/CODEC/Lebanon/Dataset/exchange-rates-Lebanon
http://dbpedia.org/resource/Lebanon,12/31/2020,Lebanese Pound,LCU,1/1/2020,1.51E+03,http://linked.aub.edu.lb/CODEC/Lebanon/observation/exchange-rates-Lebanon-Local+currency+units+per+USD-Annual+value-2020,https://data.humdata.org/dataset/faostat-food-prices-for-lebanon,Annual value,Food and Agriculture Organization,2020,Local currency units per USD,http://linked.aub.edu.lb/CODEC/Lebanon/Dataset/exchange-rates-Lebanon
http://dbpedia.org/resource/Lebanon,12/31/2021,Lebanese Pound,LCU,1/1/2021,1.51E+03,http://linked.aub.edu.lb/CODEC/Lebanon/observation/exchange-rates-Lebanon-Local+currency+units+per+USD-Annual+value-2021,https://data.humdata.org/dataset/faostat-food-prices-for-lebanon,Annual value,Food and Agriculture Organization,2021,Local currency units per USD,http://linked.aub.edu.lb/CODEC/Lebanon/Dataset/exchange-rates-Lebanon
http://dbpedia.org/resource/Lebanon,12/31/2022,Lebanese Pound,LCU,1/1/2022,1.51E+03,http://linked.aub.edu.lb/CODEC/Lebanon/observation/exchange-rates-Lebanon-Local+currency+units+per+USD-Annual+value-2022,https://data.humdata.org/dataset/faostat-food-prices-for-lebanon,Annual value,Food and Agriculture Organization,2022,Local currency units per USD,http://linked.aub.edu.lb/CODEC/Lebanon/Dataset/exchange-rates-Lebanon
http://dbpedia.org/resource/Lebanon,4/30/1970,Lebanese Pound,LCU,4/1/1970,3.27E+00,http://linked.aub.edu.lb/CODEC/Lebanon/observation/exchange-rates-Lebanon-Local+currency+units+per+USD-April-1970,https://data.humdata.org/dataset/faostat-food-prices-for-lebanon,April,Food and Agriculture Organization,1970,Local currency units per USD,http://linked.aub.edu.lb/CODEC/Lebanon/Dataset/exchange-rates-Lebanon
http://dbpedia.org/resource/Lebanon,4/30/1971,Lebanese Pound,LCU,4/1/1971,3.27E+00,http://linked.aub.edu.lb/CODEC/Lebanon/observation/exchange-rates-Lebanon-Local+currency+units+per+USD-April-1971,https://data.humdata.org/dataset/faostat-food-prices-for-lebanon,April,Food and Agriculture Organization,1971,Local currency units per USD,http://linked.aub.edu.lb/CODEC/Lebanon/Dataset/exchange-rates-Lebanon
http://dbpedia.org/resource/Lebanon,4/30/1972,Lebanese Pound,LCU,4/1/1972,3.07E+00,http://linked.aub.edu.lb/CODEC/Lebanon/observation/exchange-rates-Lebanon-Local+currency+units+per+USD-April-1972,https://data.humdata.org/dataset/faostat-food-prices-for-lebanon,April,Food and Agriculture Organization,1972,Local currency units per USD,http://linked.aub.edu.lb/CODEC/Lebanon/Dataset/exchange-rates-Lebanon
http://dbpedia.org/resource/Lebanon,4/30/1973,Lebanese Pound,LCU,4/1/1973,2.67E+00,http://linked.aub.edu.lb/CODEC/Lebanon/observation/exchange-rates-Lebanon-Local+currency+units+per+USD-April-1973,https://data.humdata.org/dataset/faostat-food-prices-for-lebanon,April,Food and Agriculture Organization,1973,Local currency units per USD,http://linked.aub.edu.lb/CODEC/Lebanon/Dataset/exchange-rates-Lebanon
http://dbpedia.org/resource/Lebanon,4/30/1974,Lebanese Pound,LCU,4/1/1974,2.29E+00,http://linked.aub.edu.lb/CODEC/Lebanon/observation/exchange-rates-Lebanon-Local+currency+units+per+USD-April-1974,https://data.humdata.org/dataset/faostat-food-prices-for-lebanon,April,Food and Agriculture Organization,1974,Local currency units per USD,http://linked.aub.edu.lb/CODEC/Lebanon/Dataset/exchange-rates-Lebanon
http://dbpedia.org/resource/Lebanon,4/30/1975,Lebanese Pound,LCU,4/1/1975,2.24E+00,http://linked.aub.edu.lb/CODEC/Lebanon/observation/exchange-rates-Lebanon-Local+currency+units+per+USD-April-1975,https://data.humdata.org/dataset/faostat-food-prices-for-lebanon,April,Food and Agriculture Organization,1975,Local currency units per USD,http://linked.aub.edu.lb/CODEC/Lebanon/Dataset/exchange-rates-Lebanon
http://dbpedia.org/resource/Lebanon,4/30/1976,Lebanese Pound,LCU,4/1/1976,2.63E+00,http://linked.aub.edu.lb/CODEC/Lebanon/observation/exchange-rates-Lebanon-Local+currency+units+per+USD-April-1976,https://data.humdata.org/dataset/faostat-food-prices-for-lebanon,April,Food and Agriculture Organization,1976,Local currency units per USD,http://linked.aub.edu.lb/CODEC/Lebanon/Dataset/exchange-rates-Lebanon
http://dbpedia.org/resource/Lebanon,4/30/1977,Lebanese Pound,LCU,4/1/1977,3.04E+00,http://linked.aub.edu.lb/CODEC/Lebanon/observation/exchange-rates-Lebanon-Local+currency+units+per+USD-April-1977,https://data.humdata.org/dataset/faostat-food-prices-for-lebanon,April,Food and Agriculture Organization,1977,Local currency units per USD,http://linked.aub.edu.lb/CODEC/Lebanon/Dataset/exchange-rates-Lebanon
http://dbpedia.org/resource/Lebanon,4/30/1978,Lebanese Pound,LCU,4/1/1978,2.94E+00,http://linked.aub.edu.lb/CODEC/Lebanon/observation/exchange-rates-Lebanon-Local+currency+units+per+USD-April-1978,https://data.humdata.org/dataset/faostat-food-prices-for-lebanon,April,Food and Agriculture Organization,1978,Local currency units per USD,http://linked.aub.edu.lb/CODEC/Lebanon/Dataset/exchange-rates-Lebanon
http://dbpedia.org/resource/Lebanon,4/30/1979,Lebanese Pound,LCU,4/1/1979,3.18E+00,http://linked.aub.edu.lb/CODEC/Lebanon/observation/exchange-rates-Lebanon-Local+currency+units+per+USD-April-1979,https://data.humdata.org/dataset/faostat-food-prices-for-lebanon,April,Food and Agriculture Organization,1979,Local currency units per USD,http://linked.aub.edu.lb/CODEC/Lebanon/Dataset/exchange-rates-Lebanon
http://dbpedia.org/resource/Lebanon,4/30/1980,Lebanese Pound,LCU,4/1/1980,3.43E+00,http://linked.aub.edu.lb/CODEC/Lebanon/observation/exchange-rates-Lebanon-Local+currency+units+per+USD-April-1980,https://data.humdata.org/dataset/faostat-food-prices-for-lebanon,April,Food and Agriculture Organization,1980,Local currency units per USD,http://linked.aub.edu.lb/CODEC/Lebanon/Dataset/exchange-rates-Lebanon
http://dbpedia.org/resource/Lebanon,4/30/1981,Lebanese Pound,LCU,4/1/1981,4.02E+00,http://linked.aub.edu.lb/CODEC/Lebanon/observation/exchange-rates-Lebanon-Local+currency+units+per+USD-April-1981,https://data.humdata.org/dataset/faostat-food-prices-for-lebanon,April,Food and Agriculture Organization,1981,Local currency units per USD,http://linked.aub.edu.lb/CODEC/Lebanon/Dataset/exchange-rates-Lebanon
http://dbpedia.org/resource/Lebanon,4/30/1982,Lebanese Pound,LCU,4/1/1982,4.96E+00,http://linked.aub.edu.lb/CODEC/Lebanon/observation/exchange-rates-Lebanon-Local+currency+units+per+USD-April-1982,https://data.humdata.org/dataset/faostat-food-prices-for-lebanon,April,Food and Agriculture Organization,1982,Local currency units per USD,http://linked.aub.edu.lb/CODEC/Lebanon/Dataset/exchange-rates-Lebanon
http://dbpedia.org/resource/Lebanon,4/30/1983,Lebanese Pound,LCU,4/1/1983,4.15E+00,http://linked.aub.edu.lb/CODEC/Lebanon/observation/exchange-rates-Lebanon-Local+currency+units+per+USD-April-1983,https://data.humdata.org/dataset/faostat-food-prices-for-lebanon,April,Food and Agriculture Organization,1983,Local currency units per USD,http://linked.aub.edu.lb/CODEC/Lebanon/Dataset/exchange-rates-Lebanon
http://dbpedia.org/resource/Lebanon,4/30/1984,Lebanese Pound,LCU,4/1/1984,5.65E+00,http://linked.aub.edu.lb/CODEC/Lebanon/observation/exchange-rates-Lebanon-Local+currency+units+per+USD-April-1984,https://data.humdata.org/dataset/faostat-food-prices-for-lebanon,April,Food and Agriculture Organization,1984,Local currency units per USD,http://linked.aub.edu.lb/CODEC/Lebanon/Dataset/exchange-rates-Lebanon
http://dbpedia.org/resource/Lebanon,4/30/1985,Lebanese Pound,LCU,4/1/1985,1.75E+01,http://linked.aub.edu.lb/CODEC/Lebanon/observation/exchange-rates-Lebanon-Local+currency+units+per+USD-April-1985,https://data.humdata.org/dataset/faostat-food-prices-for-lebanon,April,Food and Agriculture Organization,1985,Local currency units per USD,http://linked.aub.edu.lb/CODEC/Lebanon/Dataset/exchange-rates-Lebanon
http://dbpedia.org/resource/Lebanon,4/30/1986,Lebanese Pound,LCU,4/1/1986,2.40E+01,http://linked.aub.edu.lb/CODEC/Lebanon/observation/exchange-rates-Lebanon-Local+currency+units+per+USD-April-1986,https://data.humdata.org/dataset/faostat-food-prices-for-lebanon,April,Food and Agriculture Organization,1986,Local currency units per USD,http://linked.aub.edu.lb/CODEC/Lebanon/Dataset/exchange-rates-Lebanon
http://dbpedia.org/resource/Lebanon,4/30/1987,Lebanese Pound,LCU,4/1/1987,1.17E+02,http://linked.aub.edu.lb/CODEC/Lebanon/observation/exchange-rates-Lebanon-Local+currency+units+per+USD-April-1987,https://data.humdata.org/dataset/faostat-food-prices-for-lebanon,April,Food and Agriculture Organization,1987,Local currency units per USD,http://linked.aub.edu.lb/CODEC/Lebanon/Dataset/exchange-rates-Lebanon
http://dbpedia.org/resource/Lebanon,4/30/1988,Lebanese Pound,LCU,4/1/1988,3.70E+02,http://linked.aub.edu.lb/CODEC/Lebanon/observation/exchange-rates-Lebanon-Local+currency+units+per+USD-April-1988,https://data.humdata.org/dataset/faostat-food-prices-for-lebanon,April,Food and Agriculture Organization,1988,Local currency units per USD,http://linked.aub.edu.lb/CODEC/Lebanon/Dataset/exchange-rates-Lebanon
http://dbpedia.org/resource/Lebanon,4/30/1989,Lebanese Pound,LCU,4/1/1989,5.19E+02,http://linked.aub.edu.lb/CODEC/Lebanon/observation/exchange-rates-Lebanon-Local+currency+units+per+USD-April-1989,https://data.humdata.org/dataset/faostat-food-prices-for-lebanon,April,Food and Agriculture Organization,1989,Local currency units per USD,http://linked.aub.edu.lb/CODEC/Lebanon/Dataset/exchange-rates-Lebanon
http://dbpedia.org/resource/Lebanon,4/30/1990,Lebanese Pound,LCU,4/1/1990,5.06E+02,http://linked.aub.edu.lb/CODEC/Lebanon/observation/exchange-rates-Lebanon-Local+currency+units+per+USD-April-1990,https://data.humdata.org/dataset/faostat-food-prices-for-lebanon,April,Food and Agriculture Organization,1990,Local currency units per USD,http://linked.aub.edu.lb/CODEC/Lebanon/Dataset/exchange-rates-Lebanon
http://dbpedia.org/resource/Lebanon,4/30/1991,Lebanese Pound,LCU,4/1/1991,9.42E+02,http://linked.aub.edu.lb/CODEC/Lebanon/observation/exchange-rates-Lebanon-Local+currency+units+per+USD-April-1991,https://data.humdata.org/dataset/faostat-food-prices-for-lebanon,April,Food and Agriculture Organization,1991,Local currency units per USD,http://linked.aub.edu.lb/CODEC/Lebanon/Dataset/exchange-rates-Lebanon
http://dbpedia.org/resource/Lebanon,4/30/1992,Lebanese Pound,LCU,4/1/1992,1.44E+03,http://linked.aub.edu.lb/CODEC/Lebanon/observation/exchange-rates-Lebanon-Local+currency+units+per+USD-April-1992,https://data.humdata.org/dataset/faostat-food-prices-for-lebanon,April,Food and Agriculture Organization,1992,Local currency units per USD,http://linked.aub.edu.lb/CODEC/Lebanon/Dataset/exchange-rates-Lebanon
http://dbpedia.org/resource/Lebanon,4/30/1993,Lebanese Pound,LCU,4/1/1993,1.74E+03,http://linked.aub.edu.lb/CODEC/Lebanon/observation/exchange-rates-Lebanon-Local+currency+units+per+USD-April-1993,https://data.humdata.org/dataset/faostat-food-prices-for-lebanon,April,Food and Agriculture Organization,1993,Local currency units per USD,http://linked.aub.edu.lb/CODEC/Lebanon/Dataset/exchange-rates-Lebanon
http://dbpedia.org/resource/Lebanon,4/30/1994,Lebanese Pound,LCU,4/1/1994,1.69E+03,http://linked.aub.edu.lb/CODEC/Lebanon/observation/exchange-rates-Lebanon-Local+currency+units+per+USD-April-1994,https://data.humdata.org/dataset/faostat-food-prices-for-lebanon,April,Food and Agriculture Organization,1994,Local currency units per USD,http://linked.aub.edu.lb/CODEC/Lebanon/Dataset/exchange-rates-Lebanon
http://dbpedia.org/resource/Lebanon,4/30/1995,Lebanese Pound,LCU,4/1/1995,1.63E+03,http://linked.aub.edu.lb/CODEC/Lebanon/observation/exchange-rates-Lebanon-Local+currency+units+per+USD-April-1995,https://data.humdata.org/dataset/faostat-food-prices-for-lebanon,April,Food and Agriculture Organization,1995,Local currency units per USD,http://linked.aub.edu.lb/CODEC/Lebanon/Dataset/exchange-rates-Lebanon
http://dbpedia.org/resource/Lebanon,4/30/1996,Lebanese Pound,LCU,4/1/1996,1.58E+03,http://linked.aub.edu.lb/CODEC/Lebanon/observation/exchange-rates-Lebanon-Local+currency+units+per+USD-April-1996,https://data.humdata.org/dataset/faostat-food-prices-for-lebanon,April,Food and Agriculture Organization,1996,Local currency units per USD,http://linked.aub.edu.lb/CODEC/Lebanon/Dataset/exchange-rates-Lebanon
http://dbpedia.org/resource/Lebanon,4/30/1997,Lebanese Pound,LCU,4/1/1997,1.54E+03,http://linked.aub.edu.lb/CODEC/Lebanon/observation/exchange-rates-Lebanon-Local+currency+units+per+USD-April-1997,https://data.humdata.org/dataset/faostat-food-prices-for-lebanon,April,Food and Agriculture Organization,1997,Local currency units per USD,http://linked.aub.edu.lb/CODEC/Lebanon/Dataset/exchange-rates-Lebanon
http://dbpedia.org/resource/Lebanon,4/30/1998,Lebanese Pound,LCU,4/1/1998,1.52E+03,http://linked.aub.edu.lb/CODEC/Lebanon/observation/exchange-rates-Lebanon-Local+currency+units+per+USD-April-1998,https://data.humdata.org/dataset/faostat-food-prices-for-lebanon,April,Food and Agriculture Organization,1998,Local currency units per USD,http://linked.aub.edu.lb/CODEC/Lebanon/Dataset/exchange-rates-Lebanon
http://dbpedia.org/resource/Lebanon,4/30/1999,Lebanese Pound,LCU,4/1/1999,1.51E+03,http://linked.aub.edu.lb/CODEC/Lebanon/observation/exchange-rates-Lebanon-Local+currency+units+per+USD-April-1999,https://data.humdata.org/dataset/faostat-food-prices-for-lebanon,April,Food and Agriculture Organization,1999,Local currency units per USD,http://linked.aub.edu.lb/CODEC/Lebanon/Dataset/exchange-rates-Lebanon
http://dbpedia.org/resource/Lebanon,4/30/2000,Lebanese Pound,LCU,4/1/2000,1.51E+03,http://linked.aub.edu.lb/CODEC/Lebanon/observation/exchange-rates-Lebanon-Local+currency+units+per+USD-April-2000,https://data.humdata.org/dataset/faostat-food-prices-for-lebanon,April,Food and Agriculture Organization,2000,Local currency units per USD,http://linked.aub.edu.lb/CODEC/Lebanon/Dataset/exchange-rates-Lebanon
http://dbpedia.org/resource/Lebanon,4/30/2001,Lebanese Pound,LCU,4/1/2001,1.51E+03,http://linked.aub.edu.lb/CODEC/Lebanon/observation/exchange-rates-Lebanon-Local+currency+units+per+USD-April-2001,https://data.humdata.org/dataset/faostat-food-prices-for-lebanon,April,Food and Agriculture Organization,2001,Local currency units per USD,http://linked.aub.edu.lb/CODEC/Lebanon/Dataset/exchange-rates-Lebanon
http://dbpedia.org/resource/Lebanon,4/30/2002,Lebanese Pound,LCU,4/1/2002,1.51E+03,http://linked.aub.edu.lb/CODEC/Lebanon/observation/exchange-rates-Lebanon-Local+currency+units+per+USD-April-2002,https://data.humdata.org/dataset/faostat-food-prices-for-lebanon,April,Food and Agriculture Organization,2002,Local currency units per USD,http://linked.aub.edu.lb/CODEC/Lebanon/Dataset/exchange-rates-Lebanon
http://dbpedia.org/resource/Lebanon,4/30/2003,Lebanese Pound,LCU,4/1/2003,1.51E+03,http://linked.aub.edu.lb/CODEC/Lebanon/observation/exchange-rates-Lebanon-Local+currency+units+per+USD-April-2003,https://data.humdata.org/dataset/faostat-food-prices-for-lebanon,April,Food and Agriculture Organization,2003,Local currency units per USD,http://linked.aub.edu.lb/CODEC/Lebanon/Dataset/exchange-rates-Lebanon
http://dbpedia.org/resource/Lebanon,4/30/2004,Lebanese Pound,LCU,4/1/2004,1.51E+03,http://linked.aub.edu.lb/CODEC/Lebanon/observation/exchange-rates-Lebanon-Local+currency+units+per+USD-April-2004,https://data.humdata.org/dataset/faostat-food-prices-for-lebanon,April,Food and Agriculture Organization,2004,Local currency units per USD,http://linked.aub.edu.lb/CODEC/Lebanon/Dataset/exchange-rates-Lebanon
http://dbpedia.org/resource/Lebanon,4/30/2005,Lebanese Pound,LCU,4/1/2005,1.51E+03,http://linked.aub.edu.lb/CODEC/Lebanon/observation/exchange-rates-Lebanon-Local+currency+units+per+USD-April-2005,https://data.humdata.org/dataset/faostat-food-prices-for-lebanon,April,Food and Agriculture Organization,2005,Local currency units per USD,http://linked.aub.edu.lb/CODEC/Lebanon/Dataset/exchange-rates-Lebanon
http://dbpedia.org/resource/Lebanon,4/30/2006,Lebanese Pound,LCU,4/1/2006,1.51E+03,http://linked.aub.edu.lb/CODEC/Lebanon/observation/exchange-rates-Lebanon-Local+currency+units+per+USD-April-2006,https://data.humdata.org/dataset/faostat-food-prices-for-lebanon,April,Food and Agriculture Organization,2006,Local currency units per USD,http://linked.aub.edu.lb/CODEC/Lebanon/Dataset/exchange-rates-Lebanon
http://dbpedia.org/resource/Lebanon,4/30/2007,Lebanese Pound,LCU,4/1/2007,1.51E+03,http://linked.aub.edu.lb/CODEC/Lebanon/observation/exchange-rates-Lebanon-Local+currency+units+per+USD-April-2007,https://data.humdata.org/dataset/faostat-food-prices-for-lebanon,April,Food and Agriculture Organization,2007,Local currency units per USD,http://linked.aub.edu.lb/CODEC/Lebanon/Dataset/exchange-rates-Lebanon
http://dbpedia.org/resource/Lebanon,4/30/2008,Lebanese Pound,LCU,4/1/2008,1.51E+03,http://linked.aub.edu.lb/CODEC/Lebanon/observation/exchange-rates-Lebanon-Local+currency+units+per+USD-April-2008,https://data.humdata.org/dataset/faostat-food-prices-for-lebanon,April,Food and Agriculture Organization,2008,Local currency units per USD,http://linked.aub.edu.lb/CODEC/Lebanon/Dataset/exchange-rates-Lebanon
http://dbpedia.org/resource/Lebanon,4/30/2009,Lebanese Pound,LCU,4/1/2009,1.51E+03,http://linked.aub.edu.lb/CODEC/Lebanon/observation/exchange-rates-Lebanon-Local+currency+units+per+USD-April-2009,https://data.humdata.org/dataset/faostat-food-prices-for-lebanon,April,Food and Agriculture Organization,2009,Local currency units per USD,http://linked.aub.edu.lb/CODEC/Lebanon/Dataset/exchange-rates-Lebanon
http://dbpedia.org/resource/Lebanon,4/30/2010,Lebanese Pound,LCU,4/1/2010,1.51E+03,http://linked.aub.edu.lb/CODEC/Lebanon/observation/exchange-rates-Lebanon-Local+currency+units+per+USD-April-2010,https://data.humdata.org/dataset/faostat-food-prices-for-lebanon,April,Food and Agriculture Organization,2010,Local currency units per USD,http://linked.aub.edu.lb/CODEC/Lebanon/Dataset/exchange-rates-Lebanon
http://dbpedia.org/resource/Lebanon,4/30/2011,Lebanese Pound,LCU,4/1/2011,1.51E+03,http://linked.aub.edu.lb/CODEC/Lebanon/observation/exchange-rates-Lebanon-Local+currency+units+per+USD-April-2011,https://data.humdata.org/dataset/faostat-food-prices-for-lebanon,April,Food and Agriculture Organization,2011,Local currency units per USD,http://linked.aub.edu.lb/CODEC/Lebanon/Dataset/exchange-rates-Lebanon
http://dbpedia.org/resource/Lebanon,4/30/2012,Lebanese Pound,LCU,4/1/2012,1.51E+03,http://linked.aub.edu.lb/CODEC/Lebanon/observation/exchange-rates-Lebanon-Local+currency+units+per+USD-April-2012,https://data.humdata.org/dataset/faostat-food-prices-for-lebanon,April,Food and Agriculture Organization,2012,Local currency units per USD,http://linked.aub.edu.lb/CODEC/Lebanon/Dataset/exchange-rates-Lebanon
http://dbpedia.org/resource/Lebanon,4/30/2013,Lebanese Pound,LCU,4/1/2013,1.51E+03,http://linked.aub.edu.lb/CODEC/Lebanon/observation/exchange-rates-Lebanon-Local+currency+units+per+USD-April-2013,https://data.humdata.org/dataset/faostat-food-prices-for-lebanon,April,Food and Agriculture Organization,2013,Local currency units per USD,http://linked.aub.edu.lb/CODEC/Lebanon/Dataset/exchange-rates-Lebanon
http://dbpedia.org/resource/Lebanon,4/30/2014,Lebanese Pound,LCU,4/1/2014,1.51E+03,http://linked.aub.edu.lb/CODEC/Lebanon/observation/exchange-rates-Lebanon-Local+currency+units+per+USD-April-2014,https://data.humdata.org/dataset/faostat-food-prices-for-lebanon,April,Food and Agriculture Organization,2014,Local currency units per USD,http://linked.aub.edu.lb/CODEC/Lebanon/Dataset/exchange-rates-Lebanon
http://dbpedia.org/resource/Lebanon,4/30/2015,Lebanese Pound,LCU,4/1/2015,1.51E+03,http://linked.aub.edu.lb/CODEC/Lebanon/observation/exchange-rates-Lebanon-Local+currency+units+per+USD-April-2015,https://data.humdata.org/dataset/faostat-food-prices-for-lebanon,April,Food and Agriculture Organization,2015,Local currency units per USD,http://linked.aub.edu.lb/CODEC/Lebanon/Dataset/exchange-rates-Lebanon
http://dbpedia.org/resource/Lebanon,4/30/2016,Lebanese Pound,LCU,4/1/2016,1.51E+03,http://linked.aub.edu.lb/CODEC/Lebanon/observation/exchange-rates-Lebanon-Local+currency+units+per+USD-April-2016,https://data.humdata.org/dataset/faostat-food-prices-for-lebanon,April,Food and Agriculture Organization,2016,Local currency units per USD,http://linked.aub.edu.lb/CODEC/Lebanon/Dataset/exchange-rates-Lebanon
http://dbpedia.org/resource/Lebanon,4/30/2017,Lebanese Pound,LCU,4/1/2017,1.51E+03,http://linked.aub.edu.lb/CODEC/Lebanon/observation/exchange-rates-Lebanon-Local+currency+units+per+USD-April-2017,https://data.humdata.org/dataset/faostat-food-prices-for-lebanon,April,Food and Agriculture Organization,2017,Local currency units per USD,http://linked.aub.edu.lb/CODEC/Lebanon/Dataset/exchange-rates-Lebanon
http://dbpedia.org/resource/Lebanon,4/30/2018,Lebanese Pound,LCU,4/1/2018,1.51E+03,http://linked.aub.edu.lb/CODEC/Lebanon/observation/exchange-rates-Lebanon-Local+currency+units+per+USD-April-2018,https://data.humdata.org/dataset/faostat-food-prices-for-lebanon,April,Food and Agriculture Organization,2018,Local currency units per USD,http://linked.aub.edu.lb/CODEC/Lebanon/Dataset/exchange-rates-Lebanon
http://dbpedia.org/resource/Lebanon,4/30/2019,Lebanese Pound,LCU,4/1/2019,1.51E+03,http://linked.aub.edu.lb/CODEC/Lebanon/observation/exchange-rates-Lebanon-Local+currency+units+per+USD-April-2019,https://data.humdata.org/dataset/faostat-food-prices-for-lebanon,April,Food and Agriculture Organization,2019,Local currency units per USD,http://linked.aub.edu.lb/CODEC/Lebanon/Dataset/exchange-rates-Lebanon
http://dbpedia.org/resource/Lebanon,4/30/2020,Lebanese Pound,LCU,4/1/2020,1.51E+03,http://linked.aub.edu.lb/CODEC/Lebanon/observation/exchange-rates-Lebanon-Local+currency+units+per+USD-April-2020,https://data.humdata.org/dataset/faostat-food-prices-for-lebanon,April,Food and Agriculture Organization,2020,Local currency units per USD,http://linked.aub.edu.lb/CODEC/Lebanon/Dataset/exchange-rates-Lebanon
http://dbpedia.org/resource/Lebanon,4/30/2021,Lebanese Pound,LCU,4/1/2021,1.51E+03,http://linked.aub.edu.lb/CODEC/Lebanon/observation/exchange-rates-Lebanon-Local+currency+units+per+USD-April-2021,https://data.humdata.org/dataset/faostat-food-prices-for-lebanon,April,Food and Agriculture Organization,2021,Local currency units per USD,http://linked.aub.edu.lb/CODEC/Lebanon/Dataset/exchange-rates-Lebanon
http://dbpedia.org/resource/Lebanon,4/30/2022,Lebanese Pound,LCU,4/1/2022,1.51E+03,http://linked.aub.edu.lb/CODEC/Lebanon/observation/exchange-rates-Lebanon-Local+currency+units+per+USD-April-2022,https://data.humdata.org/dataset/faostat-food-prices-for-lebanon,April,Food and Agriculture Organization,2022,Local currency units per USD,http://linked.aub.edu.lb/CODEC/Lebanon/Dataset/exchange-rates-Lebanon
http://dbpedia.org/resource/Lebanon,4/30/2023,Lebanese Pound,LCU,4/1/2023,1.50E+04,http://linked.aub.edu.lb/CODEC/Lebanon/observation/exchange-rates-Lebanon-Local+currency+units+per+USD-April-2023,https://data.humdata.org/dataset/faostat-food-prices-for-lebanon,April,Food and Agriculture Organization,2023,Local currency units per USD,http://linked.aub.edu.lb/CODEC/Lebanon/Dataset/exchange-rates-Lebanon
http://dbpedia.org/resource/Lebanon,8/31/1970,Lebanese Pound,LCU,8/1/1970,3.27E+00,http://linked.aub.edu.lb/CODEC/Lebanon/observation/exchange-rates-Lebanon-Local+currency+units+per+USD-August-1970,https://data.humdata.org/dataset/faostat-food-prices-for-lebanon,August,Food and Agriculture Organization,1970,Local currency units per USD,http://linked.aub.edu.lb/CODEC/Lebanon/Dataset/exchange-rates-Lebanon
http://dbpedia.org/resource/Lebanon,8/31/1971,Lebanese Pound,LCU,8/1/1971,3.24E+00,http://linked.aub.edu.lb/CODEC/Lebanon/observation/exchange-rates-Lebanon-Local+currency+units+per+USD-August-1971,https://data.humdata.org/dataset/faostat-food-prices-for-lebanon,August,Food and Agriculture Organization,1971,Local currency units per USD,http://linked.aub.edu.lb/CODEC/Lebanon/Dataset/exchange-rates-Lebanon
http://dbpedia.org/resource/Lebanon,8/31/1972,Lebanese Pound,LCU,8/1/1972,2.99E+00,http://linked.aub.edu.lb/CODEC/Lebanon/observation/exchange-rates-Lebanon-Local+currency+units+per+USD-August-1972,https://data.humdata.org/dataset/faostat-food-prices-for-lebanon,August,Food and Agriculture Organization,1972,Local currency units per USD,http://linked.aub.edu.lb/CODEC/Lebanon/Dataset/exchange-rates-Lebanon
http://dbpedia.org/resource/Lebanon,8/31/1973,Lebanese Pound,LCU,8/1/1973,2.52E+00,http://linked.aub.edu.lb/CODEC/Lebanon/observation/exchange-rates-Lebanon-Local+currency+units+per+USD-August-1973,https://data.humdata.org/dataset/faostat-food-prices-for-lebanon,August,Food and Agriculture Organization,1973,Local currency units per USD,http://linked.aub.edu.lb/CODEC/Lebanon/Dataset/exchange-rates-Lebanon
http://dbpedia.org/resource/Lebanon,8/31/1974,Lebanese Pound,LCU,8/1/1974,2.27E+00,http://linked.aub.edu.lb/CODEC/Lebanon/observation/exchange-rates-Lebanon-Local+currency+units+per+USD-August-1974,https://data.humdata.org/dataset/faostat-food-prices-for-lebanon,August,Food and Agriculture Organization,1974,Local currency units per USD,http://linked.aub.edu.lb/CODEC/Lebanon/Dataset/exchange-rates-Lebanon
http://dbpedia.org/resource/Lebanon,8/31/1975,Lebanese Pound,LCU,8/1/1975,2.27E+00,http://linked.aub.edu.lb/CODEC/Lebanon/observation/exchange-rates-Lebanon-Local+currency+units+per+USD-August-1975,https://data.humdata.org/dataset/faostat-food-prices-for-lebanon,August,Food and Agriculture Organization,1975,Local currency units per USD,http://linked.aub.edu.lb/CODEC/Lebanon/Dataset/exchange-rates-Lebanon
http://dbpedia.org/resource/Lebanon,8/31/1976,Lebanese Pound,LCU,8/1/1976,3.28E+00,http://linked.aub.edu.lb/CODEC/Lebanon/observation/exchange-rates-Lebanon-Local+currency+units+per+USD-August-1976,https://data.humdata.org/dataset/faostat-food-prices-for-lebanon,August,Food and Agriculture Organization,1976,Local currency units per USD,http://linked.aub.edu.lb/CODEC/Lebanon/Dataset/exchange-rates-Lebanon
http://dbpedia.org/resource/Lebanon,8/31/1977,Lebanese Pound,LCU,8/1/1977,3.12E+00,http://linked.aub.edu.lb/CODEC/Lebanon/observation/exchange-rates-Lebanon-Local+currency+units+per+USD-August-1977,https://data.humdata.org/dataset/faostat-food-prices-for-lebanon,August,Food and Agriculture Organization,1977,Local currency units per USD,http://linked.aub.edu.lb/CODEC/Lebanon/Dataset/exchange-rates-Lebanon
http://dbpedia.org/resource/Lebanon,8/31/1978,Lebanese Pound,LCU,8/1/1978,2.94E+00,http://linked.aub.edu.lb/CODEC/Lebanon/observation/exchange-rates-Lebanon-Local+currency+units+per+USD-August-1978,https://data.humdata.org/dataset/faostat-food-prices-for-lebanon,August,Food and Agriculture Organization,1978,Local currency units per USD,http://linked.aub.edu.lb/CODEC/Lebanon/Dataset/exchange-rates-Lebanon
http://dbpedia.org/resource/Lebanon,8/31/1979,Lebanese Pound,LCU,8/1/1979,3.25E+00,http://linked.aub.edu.lb/CODEC/Lebanon/observation/exchange-rates-Lebanon-Local+currency+units+per+USD-August-1979,https://data.humdata.org/dataset/faostat-food-prices-for-lebanon,August,Food and Agriculture Organization,1979,Local currency units per USD,http://linked.aub.edu.lb/CODEC/Lebanon/Dataset/exchange-rates-Lebanon
http://dbpedia.org/resource/Lebanon,8/31/1980,Lebanese Pound,LCU,8/1/1980,3.42E+00,http://linked.aub.edu.lb/CODEC/Lebanon/observation/exchange-rates-Lebanon-Local+currency+units+per+USD-August-1980,https://data.humdata.org/dataset/faostat-food-prices-for-lebanon,August,Food and Agriculture Organization,1980,Local currency units per USD,http://linked.aub.edu.lb/CODEC/Lebanon/Dataset/exchange-rates-Lebanon
http://dbpedia.org/resource/Lebanon,8/31/1981,Lebanese Pound,LCU,8/1/1981,4.67E+00,http://linked.aub.edu.lb/CODEC/Lebanon/observation/exchange-rates-Lebanon-Local+currency+units+per+USD-August-1981,https://data.humdata.org/dataset/faostat-food-prices-for-lebanon,August,Food and Agriculture Organization,1981,Local currency units per USD,http://linked.aub.edu.lb/CODEC/Lebanon/Dataset/exchange-rates-Lebanon
http://dbpedia.org/resource/Lebanon,8/31/1982,Lebanese Pound,LCU,8/1/1982,5.10E+00,http://linked.aub.edu.lb/CODEC/Lebanon/observation/exchange-rates-Lebanon-Local+currency+units+per+USD-August-1982,https://data.humdata.org/dataset/faostat-food-prices-for-lebanon,August,Food and Agriculture Organization,1982,Local currency units per USD,http://linked.aub.edu.lb/CODEC/Lebanon/Dataset/exchange-rates-Lebanon
http://dbpedia.org/resource/Lebanon,8/31/1983,Lebanese Pound,LCU,8/1/1983,4.70E+00,http://linked.aub.edu.lb/CODEC/Lebanon/observation/exchange-rates-Lebanon-Local+currency+units+per+USD-August-1983,https://data.humdata.org/dataset/faostat-food-prices-for-lebanon,August,Food and Agriculture Organization,1983,Local currency units per USD,http://linked.aub.edu.lb/CODEC/Lebanon/Dataset/exchange-rates-Lebanon
http://dbpedia.org/resource/Lebanon,8/31/1984,Lebanese Pound,LCU,8/1/1984,6.30E+00,http://linked.aub.edu.lb/CODEC/Lebanon/observation/exchange-rates-Lebanon-Local+currency+units+per+USD-August-1984,https://data.humdata.org/dataset/faostat-food-prices-for-lebanon,August,Food and Agriculture Organization,1984,Local currency units per USD,http://linked.aub.edu.lb/CODEC/Lebanon/Dataset/exchange-rates-Lebanon
http://dbpedia.org/resource/Lebanon,8/31/1985,Lebanese Pound,LCU,8/1/1985,1.74E+01,http://linked.aub.edu.lb/CODEC/Lebanon/observation/exchange-rates-Lebanon-Local+currency+units+per+USD-August-1985,https://data.humdata.org/dataset/faostat-food-prices-for-lebanon,August,Food and Agriculture Organization,1985,Local currency units per USD,http://linked.aub.edu.lb/CODEC/Lebanon/Dataset/exchange-rates-Lebanon
http://dbpedia.org/resource/Lebanon,8/31/1986,Lebanese Pound,LCU,8/1/1986,4.31E+01,http://linked.aub.edu.lb/CODEC/Lebanon/observation/exchange-rates-Lebanon-Local+currency+units+per+USD-August-1986,https://data.humdata.org/dataset/faostat-food-prices-for-lebanon,August,Food and Agriculture Organization,1986,Local currency units per USD,http://linked.aub.edu.lb/CODEC/Lebanon/Dataset/exchange-rates-Lebanon
http://dbpedia.org/resource/Lebanon,8/31/1987,Lebanese Pound,LCU,8/1/1987,2.29E+02,http://linked.aub.edu.lb/CODEC/Lebanon/observation/exchange-rates-Lebanon-Local+currency+units+per+USD-August-1987,https://data.humdata.org/dataset/faostat-food-prices-for-lebanon,August,Food and Agriculture Organization,1987,Local currency units per USD,http://linked.aub.edu.lb/CODEC/Lebanon/Dataset/exchange-rates-Lebanon
http://dbpedia.org/resource/Lebanon,8/31/1988,Lebanese Pound,LCU,8/1/1988,3.64E+02,http://linked.aub.edu.lb/CODEC/Lebanon/observation/exchange-rates-Lebanon-Local+currency+units+per+USD-August-1988,https://data.humdata.org/dataset/faostat-food-prices-for-lebanon,August,Food and Agriculture Organization,1988,Local currency units per USD,http://linked.aub.edu.lb/CODEC/Lebanon/Dataset/exchange-rates-Lebanon
http://dbpedia.org/resource/Lebanon,8/31/1989,Lebanese Pound,LCU,8/1/1989,5.37E+02,http://linked.aub.edu.lb/CODEC/Lebanon/observation/exchange-rates-Lebanon-Local+currency+units+per+USD-August-1989,https://data.humdata.org/dataset/faostat-food-prices-for-lebanon,August,Food and Agriculture Organization,1989,Local currency units per USD,http://linked.aub.edu.lb/CODEC/Lebanon/Dataset/exchange-rates-Lebanon
http://dbpedia.org/resource/Lebanon,8/31/1990,Lebanese Pound,LCU,8/1/1990,7.71E+02,http://linked.aub.edu.lb/CODEC/Lebanon/observation/exchange-rates-Lebanon-Local+currency+units+per+USD-August-1990,https://data.humdata.org/dataset/faostat-food-prices-for-lebanon,August,Food and Agriculture Organization,1990,Local currency units per USD,http://linked.aub.edu.lb/CODEC/Lebanon/Dataset/exchange-rates-Lebanon
http://dbpedia.org/resource/Lebanon,8/31/1991,Lebanese Pound,LCU,8/1/1991,8.93E+02,http://linked.aub.edu.lb/CODEC/Lebanon/observation/exchange-rates-Lebanon-Local+currency+units+per+USD-August-1991,https://data.humdata.org/dataset/faostat-food-prices-for-lebanon,August,Food and Agriculture Organization,1991,Local currency units per USD,http://linked.aub.edu.lb/CODEC/Lebanon/Dataset/exchange-rates-Lebanon
http://dbpedia.org/resource/Lebanon,8/31/1992,Lebanese Pound,LCU,8/1/1992,2.38E+03,http://linked.aub.edu.lb/CODEC/Lebanon/observation/exchange-rates-Lebanon-Local+currency+units+per+USD-August-1992,https://data.humdata.org/dataset/faostat-food-prices-for-lebanon,August,Food and Agriculture Organization,1992,Local currency units per USD,http://linked.aub.edu.lb/CODEC/Lebanon/Dataset/exchange-rates-Lebanon
http://dbpedia.org/resource/Lebanon,8/31/1993,Lebanese Pound,LCU,8/1/1993,1.73E+03,http://linked.aub.edu.lb/CODEC/Lebanon/observation/exchange-rates-Lebanon-Local+currency+units+per+USD-August-1993,https://data.humdata.org/dataset/faostat-food-prices-for-lebanon,August,Food and Agriculture Organization,1993,Local currency units per USD,http://linked.aub.edu.lb/CODEC/Lebanon/Dataset/exchange-rates-Lebanon
http://dbpedia.org/resource/Lebanon,8/31/1994,Lebanese Pound,LCU,8/1/1994,1.67E+03,http://linked.aub.edu.lb/CODEC/Lebanon/observation/exchange-rates-Lebanon-Local+currency+units+per+USD-August-1994,https://data.humdata.org/dataset/faostat-food-prices-for-lebanon,August,Food and Agriculture Organization,1994,Local currency units per USD,http://linked.aub.edu.lb/CODEC/Lebanon/Dataset/exchange-rates-Lebanon
http://dbpedia.org/resource/Lebanon,8/31/1995,Lebanese Pound,LCU,8/1/1995,1.62E+03,http://linked.aub.edu.lb/CODEC/Lebanon/observation/exchange-rates-Lebanon-Local+currency+units+per+USD-August-1995,https://data.humdata.org/dataset/faostat-food-prices-for-lebanon,August,Food and Agriculture Organization,1995,Local currency units per USD,http://linked.aub.edu.lb/CODEC/Lebanon/Dataset/exchange-rates-Lebanon
http://dbpedia.org/resource/Lebanon,8/31/1996,Lebanese Pound,LCU,8/1/1996,1.56E+03,http://linked.aub.edu.lb/CODEC/Lebanon/observation/exchange-rates-Lebanon-Local+currency+units+per+USD-August-1996,https://data.humdata.org/dataset/faostat-food-prices-for-lebanon,August,Food and Agriculture Organization,1996,Local currency units per USD,http://linked.aub.edu.lb/CODEC/Lebanon/Dataset/exchange-rates-Lebanon
http://dbpedia.org/resource/Lebanon,8/31/1997,Lebanese Pound,LCU,8/1/1997,1.54E+03,http://linked.aub.edu.lb/CODEC/Lebanon/observation/exchange-rates-Lebanon-Local+currency+units+per+USD-August-1997,https://data.humdata.org/dataset/faostat-food-prices-for-lebanon,August,Food and Agriculture Organization,1997,Local currency units per USD,http://linked.aub.edu.lb/CODEC/Lebanon/Dataset/exchange-rates-Lebanon
http://dbpedia.org/resource/Lebanon,8/31/1998,Lebanese Pound,LCU,8/1/1998,1.51E+03,http://linked.aub.edu.lb/CODEC/Lebanon/observation/exchange-rates-Lebanon-Local+currency+units+per+USD-August-1998,https://data.humdata.org/dataset/faostat-food-prices-for-lebanon,August,Food and Agriculture Organization,1998,Local currency units per USD,http://linked.aub.edu.lb/CODEC/Lebanon/Dataset/exchange-rates-Lebanon
http://dbpedia.org/resource/Lebanon,8/31/1999,Lebanese Pound,LCU,8/1/1999,1.51E+03,http://linked.aub.edu.lb/CODEC/Lebanon/observation/exchange-rates-Lebanon-Local+currency+units+per+USD-August-1999,https://data.humdata.org/dataset/faostat-food-prices-for-lebanon,August,Food and Agriculture Organization,1999,Local currency units per USD,http://linked.aub.edu.lb/CODEC/Lebanon/Dataset/exchange-rates-Lebanon
http://dbpedia.org/resource/Lebanon,8/31/2000,Lebanese Pound,LCU,8/1/2000,1.51E+03,http://linked.aub.edu.lb/CODEC/Lebanon/observation/exchange-rates-Lebanon-Local+currency+units+per+USD-August-2000,https://data.humdata.org/dataset/faostat-food-prices-for-lebanon,August,Food and Agriculture Organization,2000,Local currency units per USD,http://linked.aub.edu.lb/CODEC/Lebanon/Dataset/exchange-rates-Lebanon
http://dbpedia.org/resource/Lebanon,8/31/2001,Lebanese Pound,LCU,8/1/2001,1.51E+03,http://linked.aub.edu.lb/CODEC/Lebanon/observation/exchange-rates-Lebanon-Local+currency+units+per+USD-August-2001,https://data.humdata.org/dataset/faostat-food-prices-for-lebanon,August,Food and Agriculture Organization,2001,Local currency units per USD,http://linked.aub.edu.lb/CODEC/Lebanon/Dataset/exchange-rates-Lebanon
http://dbpedia.org/resource/Lebanon,8/31/2002,Lebanese Pound,LCU,8/1/2002,1.51E+03,http://linked.aub.edu.lb/CODEC/Lebanon/observation/exchange-rates-Lebanon-Local+currency+units+per+USD-August-2002,https://data.humdata.org/dataset/faostat-food-prices-for-lebanon,August,Food and Agriculture Organization,2002,Local currency units per USD,http://linked.aub.edu.lb/CODEC/Lebanon/Dataset/exchange-rates-Lebanon
http://dbpedia.org/resource/Lebanon,8/31/2003,Lebanese Pound,LCU,8/1/2003,1.51E+03,http://linked.aub.edu.lb/CODEC/Lebanon/observation/exchange-rates-Lebanon-Local+currency+units+per+USD-August-2003,https://data.humdata.org/dataset/faostat-food-prices-for-lebanon,August,Food and Agriculture Organization,2003,Local currency units per USD,http://linked.aub.edu.lb/CODEC/Lebanon/Dataset/exchange-rates-Lebanon
http://dbpedia.org/resource/Lebanon,8/31/2004,Lebanese Pound,LCU,8/1/2004,1.51E+03,http://linked.aub.edu.lb/CODEC/Lebanon/observation/exchange-rates-Lebanon-Local+currency+units+per+USD-August-2004,https://data.humdata.org/dataset/faostat-food-prices-for-lebanon,August,Food and Agriculture Organization,2004,Local currency units per USD,http://linked.aub.edu.lb/CODEC/Lebanon/Dataset/exchange-rates-Lebanon
http://dbpedia.org/resource/Lebanon,8/31/2005,Lebanese Pound,LCU,8/1/2005,1.51E+03,http://linked.aub.edu.lb/CODEC/Lebanon/observation/exchange-rates-Lebanon-Local+currency+units+per+USD-August-2005,https://data.humdata.org/dataset/faostat-food-prices-for-lebanon,August,Food and Agriculture Organization,2005,Local currency units per USD,http://linked.aub.edu.lb/CODEC/Lebanon/Dataset/exchange-rates-Lebanon
http://dbpedia.org/resource/Lebanon,8/31/2006,Lebanese Pound,LCU,8/1/2006,1.51E+03,http://linked.aub.edu.lb/CODEC/Lebanon/observation/exchange-rates-Lebanon-Local+currency+units+per+USD-August-2006,https://data.humdata.org/dataset/faostat-food-prices-for-lebanon,August,Food and Agriculture Organization,2006,Local currency units per USD,http://linked.aub.edu.lb/CODEC/Lebanon/Dataset/exchange-rates-Lebanon
http://dbpedia.org/resource/Lebanon,8/31/2007,Lebanese Pound,LCU,8/1/2007,1.51E+03,http://linked.aub.edu.lb/CODEC/Lebanon/observation/exchange-rates-Lebanon-Local+currency+units+per+USD-August-2007,https://data.humdata.org/dataset/faostat-food-prices-for-lebanon,August,Food and Agriculture Organization,2007,Local currency units per USD,http://linked.aub.edu.lb/CODEC/Lebanon/Dataset/exchange-rates-Lebanon
http://dbpedia.org/resource/Lebanon,8/31/2008,Lebanese Pound,LCU,8/1/2008,1.51E+03,http://linked.aub.edu.lb/CODEC/Lebanon/observation/exchange-rates-Lebanon-Local+currency+units+per+USD-August-2008,https://data.humdata.org/dataset/faostat-food-prices-for-lebanon,August,Food and Agriculture Organization,2008,Local currency units per USD,http://linked.aub.edu.lb/CODEC/Lebanon/Dataset/exchange-rates-Lebanon
http://dbpedia.org/resource/Lebanon,8/31/2009,Lebanese Pound,LCU,8/1/2009,1.51E+03,http://linked.aub.edu.lb/CODEC/Lebanon/observation/exchange-rates-Lebanon-Local+currency+units+per+USD-August-2009,https://data.humdata.org/dataset/faostat-food-prices-for-lebanon,August,Food and Agriculture Organization,2009,Local currency units per USD,http://linked.aub.edu.lb/CODEC/Lebanon/Dataset/exchange-rates-Lebanon
http://dbpedia.org/resource/Lebanon,8/31/2010,Lebanese Pound,LCU,8/1/2010,1.51E+03,http://linked.aub.edu.lb/CODEC/Lebanon/observation/exchange-rates-Lebanon-Local+currency+units+per+USD-August-2010,https://data.humdata.org/dataset/faostat-food-prices-for-lebanon,August,Food and Agriculture Organization,2010,Local currency units per USD,http://linked.aub.edu.lb/CODEC/Lebanon/Dataset/exchange-rates-Lebanon
http://dbpedia.org/resource/Lebanon,8/31/2011,Lebanese Pound,LCU,8/1/2011,1.51E+03,http://linked.aub.edu.lb/CODEC/Lebanon/observation/exchange-rates-Lebanon-Local+currency+units+per+USD-August-2011,https://data.humdata.org/dataset/faostat-food-prices-for-lebanon,August,Food and Agriculture Organization,2011,Local currency units per USD,http://linked.aub.edu.lb/CODEC/Lebanon/Dataset/exchange-rates-Lebanon
http://dbpedia.org/resource/Lebanon,8/31/2012,Lebanese Pound,LCU,8/1/2012,1.51E+03,http://linked.aub.edu.lb/CODEC/Lebanon/observation/exchange-rates-Lebanon-Local+currency+units+per+USD-August-2012,https://data.humdata.org/dataset/faostat-food-prices-for-lebanon,August,Food and Agriculture Organization,2012,Local currency units per USD,http://linked.aub.edu.lb/CODEC/Lebanon/Dataset/exchange-rates-Lebanon
http://dbpedia.org/resource/Lebanon,8/31/2013,Lebanese Pound,LCU,8/1/2013,1.51E+03,http://linked.aub.edu.lb/CODEC/Lebanon/observation/exchange-rates-Lebanon-Local+currency+units+per+USD-August-2013,https://data.humdata.org/dataset/faostat-food-prices-for-lebanon,August,Food and Agriculture Organization,2013,Local currency units per USD,http://linked.aub.edu.lb/CODEC/Lebanon/Dataset/exchange-rates-Lebanon
http://dbpedia.org/resource/Lebanon,8/31/2014,Lebanese Pound,LCU,8/1/2014,1.51E+03,http://linked.aub.edu.lb/CODEC/Lebanon/observation/exchange-rates-Lebanon-Local+currency+units+per+USD-August-2014,https://data.humdata.org/dataset/faostat-food-prices-for-lebanon,August,Food and Agriculture Organization,2014,Local currency units per USD,http://linked.aub.edu.lb/CODEC/Lebanon/Dataset/exchange-rates-Lebanon
http://dbpedia.org/resource/Lebanon,8/31/2015,Lebanese Pound,LCU,8/1/2015,1.51E+03,http://linked.aub.edu.lb/CODEC/Lebanon/observation/exchange-rates-Lebanon-Local+currency+units+per+USD-August-2015,https://data.humdata.org/dataset/faostat-food-prices-for-lebanon,August,Food and Agriculture Organization,2015,Local currency units per USD,http://linked.aub.edu.lb/CODEC/Lebanon/Dataset/exchange-rates-Lebanon
http://dbpedia.org/resource/Lebanon,8/31/2016,Lebanese Pound,LCU,8/1/2016,1.51E+03,http://linked.aub.edu.lb/CODEC/Lebanon/observation/exchange-rates-Lebanon-Local+currency+units+per+USD-August-2016,https://data.humdata.org/dataset/faostat-food-prices-for-lebanon,August,Food and Agriculture Organization,2016,Local currency units per USD,http://linked.aub.edu.lb/CODEC/Lebanon/Dataset/exchange-rates-Lebanon
http://dbpedia.org/resource/Lebanon,8/31/2017,Lebanese Pound,LCU,8/1/2017,1.51E+03,http://linked.aub.edu.lb/CODEC/Lebanon/observation/exchange-rates-Lebanon-Local+currency+units+per+USD-August-2017,https://data.humdata.org/dataset/faostat-food-prices-for-lebanon,August,Food and Agriculture Organization,2017,Local currency units per USD,http://linked.aub.edu.lb/CODEC/Lebanon/Dataset/exchange-rates-Lebanon
http://dbpedia.org/resource/Lebanon,8/31/2018,Lebanese Pound,LCU,8/1/2018,1.51E+03,http://linked.aub.edu.lb/CODEC/Lebanon/observation/exchange-rates-Lebanon-Local+currency+units+per+USD-August-2018,https://data.humdata.org/dataset/faostat-food-prices-for-lebanon,August,Food and Agriculture Organization,2018,Local currency units per USD,http://linked.aub.edu.lb/CODEC/Lebanon/Dataset/exchange-rates-Lebanon
http://dbpedia.org/resource/Lebanon,8/31/2019,Lebanese Pound,LCU,8/1/2019,1.51E+03,http://linked.aub.edu.lb/CODEC/Lebanon/observation/exchange-rates-Lebanon-Local+currency+units+per+USD-August-2019,https://data.humdata.org/dataset/faostat-food-prices-for-lebanon,August,Food and Agriculture Organization,2019,Local currency units per USD,http://linked.aub.edu.lb/CODEC/Lebanon/Dataset/exchange-rates-Lebanon
http://dbpedia.org/resource/Lebanon,8/31/2020,Lebanese Pound,LCU,8/1/2020,1.51E+03,http://linked.aub.edu.lb/CODEC/Lebanon/observation/exchange-rates-Lebanon-Local+currency+units+per+USD-August-2020,https://data.humdata.org/dataset/faostat-food-prices-for-lebanon,August,Food and Agriculture Organization,2020,Local currency units per USD,http://linked.aub.edu.lb/CODEC/Lebanon/Dataset/exchange-rates-Lebanon
http://dbpedia.org/resource/Lebanon,8/31/2021,Lebanese Pound,LCU,8/1/2021,1.51E+03,http://linked.aub.edu.lb/CODEC/Lebanon/observation/exchange-rates-Lebanon-Local+currency+units+per+USD-August-2021,https://data.humdata.org/dataset/faostat-food-prices-for-lebanon,August,Food and Agriculture Organization,2021,Local currency units per USD,http://linked.aub.edu.lb/CODEC/Lebanon/Dataset/exchange-rates-Lebanon
http://dbpedia.org/resource/Lebanon,8/31/2022,Lebanese Pound,LCU,8/1/2022,1.51E+03,http://linked.aub.edu.lb/CODEC/Lebanon/observation/exchange-rates-Lebanon-Local+currency+units+per+USD-August-2022,https://data.humdata.org/dataset/faostat-food-prices-for-lebanon,August,Food and Agriculture Organization,2022,Local currency units per USD,http://linked.aub.edu.lb/CODEC/Lebanon/Dataset/exchange-rates-Lebanon
http://dbpedia.org/resource/Lebanon,12/31/1970,Lebanese Pound,LCU,12/1/1970,3.25E+00,http://linked.aub.edu.lb/CODEC/Lebanon/observation/exchange-rates-Lebanon-Local+currency+units+per+USD-December-1970,https://data.humdata.org/dataset/faostat-food-prices-for-lebanon,December,Food and Agriculture Organization,1970,Local currency units per USD,http://linked.aub.edu.lb/CODEC/Lebanon/Dataset/exchange-rates-Lebanon
http://dbpedia.org/resource/Lebanon,12/31/1971,Lebanese Pound,LCU,12/1/1971,3.14E+00,http://linked.aub.edu.lb/CODEC/Lebanon/observation/exchange-rates-Lebanon-Local+currency+units+per+USD-December-1971,https://data.humdata.org/dataset/faostat-food-prices-for-lebanon,December,Food and Agriculture Organization,1971,Local currency units per USD,http://linked.aub.edu.lb/CODEC/Lebanon/Dataset/exchange-rates-Lebanon
http://dbpedia.org/resource/Lebanon,12/31/1972,Lebanese Pound,LCU,12/1/1972,3.01E+00,http://linked.aub.edu.lb/CODEC/Lebanon/observation/exchange-rates-Lebanon-Local+currency+units+per+USD-December-1972,https://data.humdata.org/dataset/faostat-food-prices-for-lebanon,December,Food and Agriculture Organization,1972,Local currency units per USD,http://linked.aub.edu.lb/CODEC/Lebanon/Dataset/exchange-rates-Lebanon
http://dbpedia.org/resource/Lebanon,12/31/1973,Lebanese Pound,LCU,12/1/1973,2.52E+00,http://linked.aub.edu.lb/CODEC/Lebanon/observation/exchange-rates-Lebanon-Local+currency+units+per+USD-December-1973,https://data.humdata.org/dataset/faostat-food-prices-for-lebanon,December,Food and Agriculture Organization,1973,Local currency units per USD,http://linked.aub.edu.lb/CODEC/Lebanon/Dataset/exchange-rates-Lebanon
http://dbpedia.org/resource/Lebanon,12/31/1974,Lebanese Pound,LCU,12/1/1974,2.33E+00,http://linked.aub.edu.lb/CODEC/Lebanon/observation/exchange-rates-Lebanon-Local+currency+units+per+USD-December-1974,https://data.humdata.org/dataset/faostat-food-prices-for-lebanon,December,Food and Agriculture Organization,1974,Local currency units per USD,http://linked.aub.edu.lb/CODEC/Lebanon/Dataset/exchange-rates-Lebanon
http://dbpedia.org/resource/Lebanon,12/31/1975,Lebanese Pound,LCU,12/1/1975,2.43E+00,http://linked.aub.edu.lb/CODEC/Lebanon/observation/exchange-rates-Lebanon-Local+currency+units+per+USD-December-1975,https://data.humdata.org/dataset/faostat-food-prices-for-lebanon,December,Food and Agriculture Organization,1975,Local currency units per USD,http://linked.aub.edu.lb/CODEC/Lebanon/Dataset/exchange-rates-Lebanon
http://dbpedia.org/resource/Lebanon,12/31/1976,Lebanese Pound,LCU,12/1/1976,2.89E+00,http://linked.aub.edu.lb/CODEC/Lebanon/observation/exchange-rates-Lebanon-Local+currency+units+per+USD-December-1976,https://data.humdata.org/dataset/faostat-food-prices-for-lebanon,December,Food and Agriculture Organization,1976,Local currency units per USD,http://linked.aub.edu.lb/CODEC/Lebanon/Dataset/exchange-rates-Lebanon
http://dbpedia.org/resource/Lebanon,12/31/1977,Lebanese Pound,LCU,12/1/1977,3.05E+00,http://linked.aub.edu.lb/CODEC/Lebanon/observation/exchange-rates-Lebanon-Local+currency+units+per+USD-December-1977,https://data.humdata.org/dataset/faostat-food-prices-for-lebanon,December,Food and Agriculture Organization,1977,Local currency units per USD,http://linked.aub.edu.lb/CODEC/Lebanon/Dataset/exchange-rates-Lebanon
http://dbpedia.org/resource/Lebanon,12/31/1978,Lebanese Pound,LCU,12/1/1978,3.03E+00,http://linked.aub.edu.lb/CODEC/Lebanon/observation/exchange-rates-Lebanon-Local+currency+units+per+USD-December-1978,https://data.humdata.org/dataset/faostat-food-prices-for-lebanon,December,Food and Agriculture Organization,1978,Local currency units per USD,http://linked.aub.edu.lb/CODEC/Lebanon/Dataset/exchange-rates-Lebanon
http://dbpedia.org/resource/Lebanon,12/31/1979,Lebanese Pound,LCU,12/1/1979,3.38E+00,http://linked.aub.edu.lb/CODEC/Lebanon/observation/exchange-rates-Lebanon-Local+currency+units+per+USD-December-1979,https://data.humdata.org/dataset/faostat-food-prices-for-lebanon,December,Food and Agriculture Organization,1979,Local currency units per USD,http://linked.aub.edu.lb/CODEC/Lebanon/Dataset/exchange-rates-Lebanon
http://dbpedia.org/resource/Lebanon,12/31/1980,Lebanese Pound,LCU,12/1/1980,3.69E+00,http://linked.aub.edu.lb/CODEC/Lebanon/observation/exchange-rates-Lebanon-Local+currency+units+per+USD-December-1980,https://data.humdata.org/dataset/faostat-food-prices-for-lebanon,December,Food and Agriculture Organization,1980,Local currency units per USD,http://linked.aub.edu.lb/CODEC/Lebanon/Dataset/exchange-rates-Lebanon
http://dbpedia.org/resource/Lebanon,12/31/1981,Lebanese Pound,LCU,12/1/1981,4.64E+00,http://linked.aub.edu.lb/CODEC/Lebanon/observation/exchange-rates-Lebanon-Local+currency+units+per+USD-December-1981,https://data.humdata.org/dataset/faostat-food-prices-for-lebanon,December,Food and Agriculture Organization,1981,Local currency units per USD,http://linked.aub.edu.lb/CODEC/Lebanon/Dataset/exchange-rates-Lebanon
http://dbpedia.org/resource/Lebanon,12/31/1982,Lebanese Pound,LCU,12/1/1982,3.93E+00,http://linked.aub.edu.lb/CODEC/Lebanon/observation/exchange-rates-Lebanon-Local+currency+units+per+USD-December-1982,https://data.humdata.org/dataset/faostat-food-prices-for-lebanon,December,Food and Agriculture Organization,1982,Local currency units per USD,http://linked.aub.edu.lb/CODEC/Lebanon/Dataset/exchange-rates-Lebanon
http://dbpedia.org/resource/Lebanon,12/31/1983,Lebanese Pound,LCU,12/1/1983,5.42E+00,http://linked.aub.edu.lb/CODEC/Lebanon/observation/exchange-rates-Lebanon-Local+currency+units+per+USD-December-1983,https://data.humdata.org/dataset/faostat-food-prices-for-lebanon,December,Food and Agriculture Organization,1983,Local currency units per USD,http://linked.aub.edu.lb/CODEC/Lebanon/Dataset/exchange-rates-Lebanon
http://dbpedia.org/resource/Lebanon,12/31/1984,Lebanese Pound,LCU,12/1/1984,8.65E+00,http://linked.aub.edu.lb/CODEC/Lebanon/observation/exchange-rates-Lebanon-Local+currency+units+per+USD-December-1984,https://data.humdata.org/dataset/faostat-food-prices-for-lebanon,December,Food and Agriculture Organization,1984,Local currency units per USD,http://linked.aub.edu.lb/CODEC/Lebanon/Dataset/exchange-rates-Lebanon
http://dbpedia.org/resource/Lebanon,12/31/1985,Lebanese Pound,LCU,12/1/1985,1.81E+01,http://linked.aub.edu.lb/CODEC/Lebanon/observation/exchange-rates-Lebanon-Local+currency+units+per+USD-December-1985,https://data.humdata.org/dataset/faostat-food-prices-for-lebanon,December,Food and Agriculture Organization,1985,Local currency units per USD,http://linked.aub.edu.lb/CODEC/Lebanon/Dataset/exchange-rates-Lebanon
http://dbpedia.org/resource/Lebanon,12/31/1986,Lebanese Pound,LCU,12/1/1986,6.98E+01,http://linked.aub.edu.lb/CODEC/Lebanon/observation/exchange-rates-Lebanon-Local+currency+units+per+USD-December-1986,https://data.humdata.org/dataset/faostat-food-prices-for-lebanon,December,Food and Agriculture Organization,1986,Local currency units per USD,http://linked.aub.edu.lb/CODEC/Lebanon/Dataset/exchange-rates-Lebanon
http://dbpedia.org/resource/Lebanon,12/31/1987,Lebanese Pound,LCU,12/1/1987,4.77E+02,http://linked.aub.edu.lb/CODEC/Lebanon/observation/exchange-rates-Lebanon-Local+currency+units+per+USD-December-1987,https://data.humdata.org/dataset/faostat-food-prices-for-lebanon,December,Food and Agriculture Organization,1987,Local currency units per USD,http://linked.aub.edu.lb/CODEC/Lebanon/Dataset/exchange-rates-Lebanon
http://dbpedia.org/resource/Lebanon,12/31/1988,Lebanese Pound,LCU,12/1/1988,5.13E+02,http://linked.aub.edu.lb/CODEC/Lebanon/observation/exchange-rates-Lebanon-Local+currency+units+per+USD-December-1988,https://data.humdata.org/dataset/faostat-food-prices-for-lebanon,December,Food and Agriculture Organization,1988,Local currency units per USD,http://linked.aub.edu.lb/CODEC/Lebanon/Dataset/exchange-rates-Lebanon
http://dbpedia.org/resource/Lebanon,12/31/1989,Lebanese Pound,LCU,12/1/1989,4.74E+02,http://linked.aub.edu.lb/CODEC/Lebanon/observation/exchange-rates-Lebanon-Local+currency+units+per+USD-December-1989,https://data.humdata.org/dataset/faostat-food-prices-for-lebanon,December,Food and Agriculture Organization,1989,Local currency units per USD,http://linked.aub.edu.lb/CODEC/Lebanon/Dataset/exchange-rates-Lebanon
http://dbpedia.org/resource/Lebanon,12/31/1990,Lebanese Pound,LCU,12/1/1990,7.90E+02,http://linked.aub.edu.lb/CODEC/Lebanon/observation/exchange-rates-Lebanon-Local+currency+units+per+USD-December-1990,https://data.humdata.org/dataset/faostat-food-prices-for-lebanon,December,Food and Agriculture Organization,1990,Local currency units per USD,http://linked.aub.edu.lb/CODEC/Lebanon/Dataset/exchange-rates-Lebanon
http://dbpedia.org/resource/Lebanon,12/31/1991,Lebanese Pound,LCU,12/1/1991,8.79E+02,http://linked.aub.edu.lb/CODEC/Lebanon/observation/exchange-rates-Lebanon-Local+currency+units+per+USD-December-1991,https://data.humdata.org/dataset/faostat-food-prices-for-lebanon,December,Food and Agriculture Organization,1991,Local currency units per USD,http://linked.aub.edu.lb/CODEC/Lebanon/Dataset/exchange-rates-Lebanon
http://dbpedia.org/resource/Lebanon,12/31/1992,Lebanese Pound,LCU,12/1/1992,1.85E+03,http://linked.aub.edu.lb/CODEC/Lebanon/observation/exchange-rates-Lebanon-Local+currency+units+per+USD-December-1992,https://data.humdata.org/dataset/faostat-food-prices-for-lebanon,December,Food and Agriculture Organization,1992,Local currency units per USD,http://linked.aub.edu.lb/CODEC/Lebanon/Dataset/exchange-rates-Lebanon
http://dbpedia.org/resource/Lebanon,12/31/1993,Lebanese Pound,LCU,12/1/1993,1.71E+03,http://linked.aub.edu.lb/CODEC/Lebanon/observation/exchange-rates-Lebanon-Local+currency+units+per+USD-December-1993,https://data.humdata.org/dataset/faostat-food-prices-for-lebanon,December,Food and Agriculture Organization,1993,Local currency units per USD,http://linked.aub.edu.lb/CODEC/Lebanon/Dataset/exchange-rates-Lebanon
http://dbpedia.org/resource/Lebanon,12/31/1994,Lebanese Pound,LCU,12/1/1994,1.65E+03,http://linked.aub.edu.lb/CODEC/Lebanon/observation/exchange-rates-Lebanon-Local+currency+units+per+USD-December-1994,https://data.humdata.org/dataset/faostat-food-prices-for-lebanon,December,Food and Agriculture Organization,1994,Local currency units per USD,http://linked.aub.edu.lb/CODEC/Lebanon/Dataset/exchange-rates-Lebanon
http://dbpedia.org/resource/Lebanon,12/31/1995,Lebanese Pound,LCU,12/1/1995,1.60E+03,http://linked.aub.edu.lb/CODEC/Lebanon/observation/exchange-rates-Lebanon-Local+currency+units+per+USD-December-1995,https://data.humdata.org/dataset/faostat-food-prices-for-lebanon,December,Food and Agriculture Organization,1995,Local currency units per USD,http://linked.aub.edu.lb/CODEC/Lebanon/Dataset/exchange-rates-Lebanon
http://dbpedia.org/resource/Lebanon,12/31/1996,Lebanese Pound,LCU,12/1/1996,1.55E+03,http://linked.aub.edu.lb/CODEC/Lebanon/observation/exchange-rates-Lebanon-Local+currency+units+per+USD-December-1996,https://data.humdata.org/dataset/faostat-food-prices-for-lebanon,December,Food and Agriculture Organization,1996,Local currency units per USD,http://linked.aub.edu.lb/CODEC/Lebanon/Dataset/exchange-rates-Lebanon
http://dbpedia.org/resource/Lebanon,12/31/1997,Lebanese Pound,LCU,12/1/1997,1.53E+03,http://linked.aub.edu.lb/CODEC/Lebanon/observation/exchange-rates-Lebanon-Local+currency+units+per+USD-December-1997,https://data.humdata.org/dataset/faostat-food-prices-for-lebanon,December,Food and Agriculture Organization,1997,Local currency units per USD,http://linked.aub.edu.lb/CODEC/Lebanon/Dataset/exchange-rates-Lebanon
http://dbpedia.org/resource/Lebanon,12/31/1998,Lebanese Pound,LCU,12/1/1998,1.51E+03,http://linked.aub.edu.lb/CODEC/Lebanon/observation/exchange-rates-Lebanon-Local+currency+units+per+USD-December-1998,https://data.humdata.org/dataset/faostat-food-prices-for-lebanon,December,Food and Agriculture Organization,1998,Local currency units per USD,http://linked.aub.edu.lb/CODEC/Lebanon/Dataset/exchange-rates-Lebanon
http://dbpedia.org/resource/Lebanon,12/31/1999,Lebanese Pound,LCU,12/1/1999,1.51E+03,http://linked.aub.edu.lb/CODEC/Lebanon/observation/exchange-rates-Lebanon-Local+currency+units+per+USD-December-1999,https://data.humdata.org/dataset/faostat-food-prices-for-lebanon,December,Food and Agriculture Organization,1999,Local currency units per USD,http://linked.aub.edu.lb/CODEC/Lebanon/Dataset/exchange-rates-Lebanon
http://dbpedia.org/resource/Lebanon,12/31/2000,Lebanese Pound,LCU,12/1/2000,1.51E+03,http://linked.aub.edu.lb/CODEC/Lebanon/observation/exchange-rates-Lebanon-Local+currency+units+per+USD-December-2000,https://data.humdata.org/dataset/faostat-food-prices-for-lebanon,December,Food and Agriculture Organization,2000,Local currency units per USD,http://linked.aub.edu.lb/CODEC/Lebanon/Dataset/exchange-rates-Lebanon
http://dbpedia.org/resource/Lebanon,12/31/2001,Lebanese Pound,LCU,12/1/2001,1.51E+03,http://linked.aub.edu.lb/CODEC/Lebanon/observation/exchange-rates-Lebanon-Local+currency+units+per+USD-December-2001,https://data.humdata.org/dataset/faostat-food-prices-for-lebanon,December,Food and Agriculture Organization,2001,Local currency units per USD,http://linked.aub.edu.lb/CODEC/Lebanon/Dataset/exchange-rates-Lebanon
http://dbpedia.org/resource/Lebanon,12/31/2002,Lebanese Pound,LCU,12/1/2002,1.51E+03,http://linked.aub.edu.lb/CODEC/Lebanon/observation/exchange-rates-Lebanon-Local+currency+units+per+USD-December-2002,https://data.humdata.org/dataset/faostat-food-prices-for-lebanon,December,Food and Agriculture Organization,2002,Local currency units per USD,http://linked.aub.edu.lb/CODEC/Lebanon/Dataset/exchange-rates-Lebanon
http://dbpedia.org/resource/Lebanon,12/31/2003,Lebanese Pound,LCU,12/1/2003,1.51E+03,http://linked.aub.edu.lb/CODEC/Lebanon/observation/exchange-rates-Lebanon-Local+currency+units+per+USD-December-2003,https://data.humdata.org/dataset/faostat-food-prices-for-lebanon,December,Food and Agriculture Organization,2003,Local currency units per USD,http://linked.aub.edu.lb/CODEC/Lebanon/Dataset/exchange-rates-Lebanon
http://dbpedia.org/resource/Lebanon,12/31/2004,Lebanese Pound,LCU,12/1/2004,1.51E+03,http://linked.aub.edu.lb/CODEC/Lebanon/observation/exchange-rates-Lebanon-Local+currency+units+per+USD-December-2004,https://data.humdata.org/dataset/faostat-food-prices-for-lebanon,December,Food and Agriculture Organization,2004,Local currency units per USD,http://linked.aub.edu.lb/CODEC/Lebanon/Dataset/exchange-rates-Lebanon
http://dbpedia.org/resource/Lebanon,12/31/2005,Lebanese Pound,LCU,12/1/2005,1.51E+03,http://linked.aub.edu.lb/CODEC/Lebanon/observation/exchange-rates-Lebanon-Local+currency+units+per+USD-December-2005,https://data.humdata.org/dataset/faostat-food-prices-for-lebanon,December,Food and Agriculture Organization,2005,Local currency units per USD,http://linked.aub.edu.lb/CODEC/Lebanon/Dataset/exchange-rates-Lebanon
http://dbpedia.org/resource/Lebanon,12/31/2006,Lebanese Pound,LCU,12/1/2006,1.51E+03,http://linked.aub.edu.lb/CODEC/Lebanon/observation/exchange-rates-Lebanon-Local+currency+units+per+USD-December-2006,https://data.humdata.org/dataset/faostat-food-prices-for-lebanon,December,Food and Agriculture Organization,2006,Local currency units per USD,http://linked.aub.edu.lb/CODEC/Lebanon/Dataset/exchange-rates-Lebanon
http://dbpedia.org/resource/Lebanon,12/31/2007,Lebanese Pound,LCU,12/1/2007,1.51E+03,http://linked.aub.edu.lb/CODEC/Lebanon/observation/exchange-rates-Lebanon-Local+currency+units+per+USD-December-2007,https://data.humdata.org/dataset/faostat-food-prices-for-lebanon,December,Food and Agriculture Organization,2007,Local currency units per USD,http://linked.aub.edu.lb/CODEC/Lebanon/Dataset/exchange-rates-Lebanon
http://dbpedia.org/resource/Lebanon,12/31/2008,Lebanese Pound,LCU,12/1/2008,1.51E+03,http://linked.aub.edu.lb/CODEC/Lebanon/observation/exchange-rates-Lebanon-Local+currency+units+per+USD-December-2008,https://data.humdata.org/dataset/faostat-food-prices-for-lebanon,December,Food and Agriculture Organization,2008,Local currency units per USD,http://linked.aub.edu.lb/CODEC/Lebanon/Dataset/exchange-rates-Lebanon
http://dbpedia.org/resource/Lebanon,12/31/2009,Lebanese Pound,LCU,12/1/2009,1.51E+03,http://linked.aub.edu.lb/CODEC/Lebanon/observation/exchange-rates-Lebanon-Local+currency+units+per+USD-December-2009,https://data.humdata.org/dataset/faostat-food-prices-for-lebanon,December,Food and Agriculture Organization,2009,Local currency units per USD,http://linked.aub.edu.lb/CODEC/Lebanon/Dataset/exchange-rates-Lebanon
http://dbpedia.org/resource/Lebanon,12/31/2010,Lebanese Pound,LCU,12/1/2010,1.51E+03,http://linked.aub.edu.lb/CODEC/Lebanon/observation/exchange-rates-Lebanon-Local+currency+units+per+USD-December-2010,https://data.humdata.org/dataset/faostat-food-prices-for-lebanon,December,Food and Agriculture Organization,2010,Local currency units per USD,http://linked.aub.edu.lb/CODEC/Lebanon/Dataset/exchange-rates-Lebanon
http://dbpedia.org/resource/Lebanon,12/31/2011,Lebanese Pound,LCU,12/1/2011,1.51E+03,http://linked.aub.edu.lb/CODEC/Lebanon/observation/exchange-rates-Lebanon-Local+currency+units+per+USD-December-2011,https://data.humdata.org/dataset/faostat-food-prices-for-lebanon,December,Food and Agriculture Organization,2011,Local currency units per USD,http://linked.aub.edu.lb/CODEC/Lebanon/Dataset/exchange-rates-Lebanon
http://dbpedia.org/resource/Lebanon,12/31/2012,Lebanese Pound,LCU,12/1/2012,1.51E+03,http://linked.aub.edu.lb/CODEC/Lebanon/observation/exchange-rates-Lebanon-Local+currency+units+per+USD-December-2012,https://data.humdata.org/dataset/faostat-food-prices-for-lebanon,December,Food and Agriculture Organization,2012,Local currency units per USD,http://linked.aub.edu.lb/CODEC/Lebanon/Dataset/exchange-rates-Lebanon
http://dbpedia.org/resource/Lebanon,12/31/2013,Lebanese Pound,LCU,12/1/2013,1.51E+03,http://linked.aub.edu.lb/CODEC/Lebanon/observation/exchange-rates-Lebanon-Local+currency+units+per+USD-December-2013,https://data.humdata.org/dataset/faostat-food-prices-for-lebanon,December,Food and Agriculture Organization,2013,Local currency units per USD,http://linked.aub.edu.lb/CODEC/Lebanon/Dataset/exchange-rates-Lebanon
http://dbpedia.org/resource/Lebanon,12/31/2014,Lebanese Pound,LCU,12/1/2014,1.51E+03,http://linked.aub.edu.lb/CODEC/Lebanon/observation/exchange-rates-Lebanon-Local+currency+units+per+USD-December-2014,https://data.humdata.org/dataset/faostat-food-prices-for-lebanon,December,Food and Agriculture Organization,2014,Local currency units per USD,http://linked.aub.edu.lb/CODEC/Lebanon/Dataset/exchange-rates-Lebanon
http://dbpedia.org/resource/Lebanon,12/31/2015,Lebanese Pound,LCU,12/1/2015,1.51E+03,http://linked.aub.edu.lb/CODEC/Lebanon/observation/exchange-rates-Lebanon-Local+currency+units+per+USD-December-2015,https://data.humdata.org/dataset/faostat-food-prices-for-lebanon,December,Food and Agriculture Organization,2015,Local currency units per USD,http://linked.aub.edu.lb/CODEC/Lebanon/Dataset/exchange-rates-Lebanon
http://dbpedia.org/resource/Lebanon,12/31/2016,Lebanese Pound,LCU,12/1/2016,1.51E+03,http://linked.aub.edu.lb/CODEC/Lebanon/observation/exchange-rates-Lebanon-Local+currency+units+per+USD-December-2016,https://data.humdata.org/dataset/faostat-food-prices-for-lebanon,December,Food and Agriculture Organization,2016,Local currency units per USD,http://linked.aub.edu.lb/CODEC/Lebanon/Dataset/exchange-rates-Lebanon
http://dbpedia.org/resource/Lebanon,12/31/2017,Lebanese Pound,LCU,12/1/2017,1.51E+03,http://linked.aub.edu.lb/CODEC/Lebanon/observation/exchange-rates-Lebanon-Local+currency+units+per+USD-December-2017,https://data.humdata.org/dataset/faostat-food-prices-for-lebanon,December,Food and Agriculture Organization,2017,Local currency units per USD,http://linked.aub.edu.lb/CODEC/Lebanon/Dataset/exchange-rates-Lebanon
http://dbpedia.org/resource/Lebanon,12/31/2018,Lebanese Pound,LCU,12/1/2018,1.51E+03,http://linked.aub.edu.lb/CODEC/Lebanon/observation/exchange-rates-Lebanon-Local+currency+units+per+USD-December-2018,https://data.humdata.org/dataset/faostat-food-prices-for-lebanon,December,Food and Agriculture Organization,2018,Local currency units per USD,http://linked.aub.edu.lb/CODEC/Lebanon/Dataset/exchange-rates-Lebanon
http://dbpedia.org/resource/Lebanon,12/31/2019,Lebanese Pound,LCU,12/1/2019,1.51E+03,http://linked.aub.edu.lb/CODEC/Lebanon/observation/exchange-rates-Lebanon-Local+currency+units+per+USD-December-2019,https://data.humdata.org/dataset/faostat-food-prices-for-lebanon,December,Food and Agriculture Organization,2019,Local currency units per USD,http://linked.aub.edu.lb/CODEC/Lebanon/Dataset/exchange-rates-Lebanon
http://dbpedia.org/resource/Lebanon,12/31/2020,Lebanese Pound,LCU,12/1/2020,1.51E+03,http://linked.aub.edu.lb/CODEC/Lebanon/observation/exchange-rates-Lebanon-Local+currency+units+per+USD-December-2020,https://data.humdata.org/dataset/faostat-food-prices-for-lebanon,December,Food and Agriculture Organization,2020,Local currency units per USD,http://linked.aub.edu.lb/CODEC/Lebanon/Dataset/exchange-rates-Lebanon
http://dbpedia.org/resource/Lebanon,12/31/2021,Lebanese Pound,LCU,12/1/2021,1.51E+03,http://linked.aub.edu.lb/CODEC/Lebanon/observation/exchange-rates-Lebanon-Local+currency+units+per+USD-December-2021,https://data.humdata.org/dataset/faostat-food-prices-for-lebanon,December,Food and Agriculture Organization,2021,Local currency units per USD,http://linked.aub.edu.lb/CODEC/Lebanon/Dataset/exchange-rates-Lebanon
http://dbpedia.org/resource/Lebanon,12/31/2022,Lebanese Pound,LCU,12/1/2022,1.51E+03,http://linked.aub.edu.lb/CODEC/Lebanon/observation/exchange-rates-Lebanon-Local+currency+units+per+USD-December-2022,https://data.humdata.org/dataset/faostat-food-prices-for-lebanon,December,Food and Agriculture Organization,2022,Local currency units per USD,http://linked.aub.edu.lb/CODEC/Lebanon/Dataset/exchange-rates-Lebanon
http://dbpedia.org/resource/Lebanon,2/28/1970,Lebanese Pound,LCU,2/1/1970,3.29E+00,http://linked.aub.edu.lb/CODEC/Lebanon/observation/exchange-rates-Lebanon-Local+currency+units+per+USD-February-1970,https://data.humdata.org/dataset/faostat-food-prices-for-lebanon,February,Food and Agriculture Organization,1970,Local currency units per USD,http://linked.aub.edu.lb/CODEC/Lebanon/Dataset/exchange-rates-Lebanon
http://dbpedia.org/resource/Lebanon,2/28/1971,Lebanese Pound,LCU,2/1/1971,3.25E+00,http://linked.aub.edu.lb/CODEC/Lebanon/observation/exchange-rates-Lebanon-Local+currency+units+per+USD-February-1971,https://data.humdata.org/dataset/faostat-food-prices-for-lebanon,February,Food and Agriculture Organization,1971,Local currency units per USD,http://linked.aub.edu.lb/CODEC/Lebanon/Dataset/exchange-rates-Lebanon
http://dbpedia.org/resource/Lebanon,2/29/1972,Lebanese Pound,LCU,2/1/1972,3.14E+00,http://linked.aub.edu.lb/CODEC/Lebanon/observation/exchange-rates-Lebanon-Local+currency+units+per+USD-February-1972,https://data.humdata.org/dataset/faostat-food-prices-for-lebanon,February,Food and Agriculture Organization,1972,Local currency units per USD,http://linked.aub.edu.lb/CODEC/Lebanon/Dataset/exchange-rates-Lebanon
http://dbpedia.org/resource/Lebanon,2/28/1973,Lebanese Pound,LCU,2/1/1973,2.88E+00,http://linked.aub.edu.lb/CODEC/Lebanon/observation/exchange-rates-Lebanon-Local+currency+units+per+USD-February-1973,https://data.humdata.org/dataset/faostat-food-prices-for-lebanon,February,Food and Agriculture Organization,1973,Local currency units per USD,http://linked.aub.edu.lb/CODEC/Lebanon/Dataset/exchange-rates-Lebanon
http://dbpedia.org/resource/Lebanon,2/28/1974,Lebanese Pound,LCU,2/1/1974,2.41E+00,http://linked.aub.edu.lb/CODEC/Lebanon/observation/exchange-rates-Lebanon-Local+currency+units+per+USD-February-1974,https://data.humdata.org/dataset/faostat-food-prices-for-lebanon,February,Food and Agriculture Organization,1974,Local currency units per USD,http://linked.aub.edu.lb/CODEC/Lebanon/Dataset/exchange-rates-Lebanon
http://dbpedia.org/resource/Lebanon,2/28/1975,Lebanese Pound,LCU,2/1/1975,2.34E+00,http://linked.aub.edu.lb/CODEC/Lebanon/observation/exchange-rates-Lebanon-Local+currency+units+per+USD-February-1975,https://data.humdata.org/dataset/faostat-food-prices-for-lebanon,February,Food and Agriculture Organization,1975,Local currency units per USD,http://linked.aub.edu.lb/CODEC/Lebanon/Dataset/exchange-rates-Lebanon
http://dbpedia.org/resource/Lebanon,2/29/1976,Lebanese Pound,LCU,2/1/1976,2.44E+00,http://linked.aub.edu.lb/CODEC/Lebanon/observation/exchange-rates-Lebanon-Local+currency+units+per+USD-February-1976,https://data.humdata.org/dataset/faostat-food-prices-for-lebanon,February,Food and Agriculture Organization,1976,Local currency units per USD,http://linked.aub.edu.lb/CODEC/Lebanon/Dataset/exchange-rates-Lebanon
http://dbpedia.org/resource/Lebanon,2/28/1977,Lebanese Pound,LCU,2/1/1977,3.05E+00,http://linked.aub.edu.lb/CODEC/Lebanon/observation/exchange-rates-Lebanon-Local+currency+units+per+USD-February-1977,https://data.humdata.org/dataset/faostat-food-prices-for-lebanon,February,Food and Agriculture Organization,1977,Local currency units per USD,http://linked.aub.edu.lb/CODEC/Lebanon/Dataset/exchange-rates-Lebanon
http://dbpedia.org/resource/Lebanon,2/28/1978,Lebanese Pound,LCU,2/1/1978,2.97E+00,http://linked.aub.edu.lb/CODEC/Lebanon/observation/exchange-rates-Lebanon-Local+currency+units+per+USD-February-1978,https://data.humdata.org/dataset/faostat-food-prices-for-lebanon,February,Food and Agriculture Organization,1978,Local currency units per USD,http://linked.aub.edu.lb/CODEC/Lebanon/Dataset/exchange-rates-Lebanon
http://dbpedia.org/resource/Lebanon,2/28/1979,Lebanese Pound,LCU,2/1/1979,3.16E+00,http://linked.aub.edu.lb/CODEC/Lebanon/observation/exchange-rates-Lebanon-Local+currency+units+per+USD-February-1979,https://data.humdata.org/dataset/faostat-food-prices-for-lebanon,February,Food and Agriculture Organization,1979,Local currency units per USD,http://linked.aub.edu.lb/CODEC/Lebanon/Dataset/exchange-rates-Lebanon
http://dbpedia.org/resource/Lebanon,2/29/1980,Lebanese Pound,LCU,2/1/1980,3.30E+00,http://linked.aub.edu.lb/CODEC/Lebanon/observation/exchange-rates-Lebanon-Local+currency+units+per+USD-February-1980,https://data.humdata.org/dataset/faostat-food-prices-for-lebanon,February,Food and Agriculture Organization,1980,Local currency units per USD,http://linked.aub.edu.lb/CODEC/Lebanon/Dataset/exchange-rates-Lebanon
http://dbpedia.org/resource/Lebanon,2/28/1981,Lebanese Pound,LCU,2/1/1981,3.93E+00,http://linked.aub.edu.lb/CODEC/Lebanon/observation/exchange-rates-Lebanon-Local+currency+units+per+USD-February-1981,https://data.humdata.org/dataset/faostat-food-prices-for-lebanon,February,Food and Agriculture Organization,1981,Local currency units per USD,http://linked.aub.edu.lb/CODEC/Lebanon/Dataset/exchange-rates-Lebanon
http://dbpedia.org/resource/Lebanon,2/28/1982,Lebanese Pound,LCU,2/1/1982,4.86E+00,http://linked.aub.edu.lb/CODEC/Lebanon/observation/exchange-rates-Lebanon-Local+currency+units+per+USD-February-1982,https://data.humdata.org/dataset/faostat-food-prices-for-lebanon,February,Food and Agriculture Organization,1982,Local currency units per USD,http://linked.aub.edu.lb/CODEC/Lebanon/Dataset/exchange-rates-Lebanon
http://dbpedia.org/resource/Lebanon,2/28/1983,Lebanese Pound,LCU,2/1/1983,4.00E+00,http://linked.aub.edu.lb/CODEC/Lebanon/observation/exchange-rates-Lebanon-Local+currency+units+per+USD-February-1983,https://data.humdata.org/dataset/faostat-food-prices-for-lebanon,February,Food and Agriculture Organization,1983,Local currency units per USD,http://linked.aub.edu.lb/CODEC/Lebanon/Dataset/exchange-rates-Lebanon
http://dbpedia.org/resource/Lebanon,2/29/1984,Lebanese Pound,LCU,2/1/1984,6.06E+00,http://linked.aub.edu.lb/CODEC/Lebanon/observation/exchange-rates-Lebanon-Local+currency+units+per+USD-February-1984,https://data.humdata.org/dataset/faostat-food-prices-for-lebanon,February,Food and Agriculture Organization,1984,Local currency units per USD,http://linked.aub.edu.lb/CODEC/Lebanon/Dataset/exchange-rates-Lebanon
http://dbpedia.org/resource/Lebanon,2/28/1985,Lebanese Pound,LCU,2/1/1985,1.42E+01,http://linked.aub.edu.lb/CODEC/Lebanon/observation/exchange-rates-Lebanon-Local+currency+units+per+USD-February-1985,https://data.humdata.org/dataset/faostat-food-prices-for-lebanon,February,Food and Agriculture Organization,1985,Local currency units per USD,http://linked.aub.edu.lb/CODEC/Lebanon/Dataset/exchange-rates-Lebanon
http://dbpedia.org/resource/Lebanon,2/28/1986,Lebanese Pound,LCU,2/1/1986,2.18E+01,http://linked.aub.edu.lb/CODEC/Lebanon/observation/exchange-rates-Lebanon-Local+currency+units+per+USD-February-1986,https://data.humdata.org/dataset/faostat-food-prices-for-lebanon,February,Food and Agriculture Organization,1986,Local currency units per USD,http://linked.aub.edu.lb/CODEC/Lebanon/Dataset/exchange-rates-Lebanon
http://dbpedia.org/resource/Lebanon,2/28/1987,Lebanese Pound,LCU,2/1/1987,1.00E+02,http://linked.aub.edu.lb/CODEC/Lebanon/observation/exchange-rates-Lebanon-Local+currency+units+per+USD-February-1987,https://data.humdata.org/dataset/faostat-food-prices-for-lebanon,February,Food and Agriculture Organization,1987,Local currency units per USD,http://linked.aub.edu.lb/CODEC/Lebanon/Dataset/exchange-rates-Lebanon
http://dbpedia.org/resource/Lebanon,2/29/1988,Lebanese Pound,LCU,2/1/1988,3.81E+02,http://linked.aub.edu.lb/CODEC/Lebanon/observation/exchange-rates-Lebanon-Local+currency+units+per+USD-February-1988,https://data.humdata.org/dataset/faostat-food-prices-for-lebanon,February,Food and Agriculture Organization,1988,Local currency units per USD,http://linked.aub.edu.lb/CODEC/Lebanon/Dataset/exchange-rates-Lebanon
http://dbpedia.org/resource/Lebanon,2/28/1989,Lebanese Pound,LCU,2/1/1989,5.12E+02,http://linked.aub.edu.lb/CODEC/Lebanon/observation/exchange-rates-Lebanon-Local+currency+units+per+USD-February-1989,https://data.humdata.org/dataset/faostat-food-prices-for-lebanon,February,Food and Agriculture Organization,1989,Local currency units per USD,http://linked.aub.edu.lb/CODEC/Lebanon/Dataset/exchange-rates-Lebanon
http://dbpedia.org/resource/Lebanon,2/28/1990,Lebanese Pound,LCU,2/1/1990,5.52E+02,http://linked.aub.edu.lb/CODEC/Lebanon/observation/exchange-rates-Lebanon-Local+currency+units+per+USD-February-1990,https://data.humdata.org/dataset/faostat-food-prices-for-lebanon,February,Food and Agriculture Organization,1990,Local currency units per USD,http://linked.aub.edu.lb/CODEC/Lebanon/Dataset/exchange-rates-Lebanon
http://dbpedia.org/resource/Lebanon,2/28/1991,Lebanese Pound,LCU,2/1/1991,1.08E+03,http://linked.aub.edu.lb/CODEC/Lebanon/observation/exchange-rates-Lebanon-Local+currency+units+per+USD-February-1991,https://data.humdata.org/dataset/faostat-food-prices-for-lebanon,February,Food and Agriculture Organization,1991,Local currency units per USD,http://linked.aub.edu.lb/CODEC/Lebanon/Dataset/exchange-rates-Lebanon
http://dbpedia.org/resource/Lebanon,2/29/1992,Lebanese Pound,LCU,2/1/1992,9.29E+02,http://linked.aub.edu.lb/CODEC/Lebanon/observation/exchange-rates-Lebanon-Local+currency+units+per+USD-February-1992,https://data.humdata.org/dataset/faostat-food-prices-for-lebanon,February,Food and Agriculture Organization,1992,Local currency units per USD,http://linked.aub.edu.lb/CODEC/Lebanon/Dataset/exchange-rates-Lebanon
http://dbpedia.org/resource/Lebanon,2/28/1993,Lebanese Pound,LCU,2/1/1993,1.78E+03,http://linked.aub.edu.lb/CODEC/Lebanon/observation/exchange-rates-Lebanon-Local+currency+units+per+USD-February-1993,https://data.humdata.org/dataset/faostat-food-prices-for-lebanon,February,Food and Agriculture Organization,1993,Local currency units per USD,http://linked.aub.edu.lb/CODEC/Lebanon/Dataset/exchange-rates-Lebanon
http://dbpedia.org/resource/Lebanon,2/28/1994,Lebanese Pound,LCU,2/1/1994,1.70E+03,http://linked.aub.edu.lb/CODEC/Lebanon/observation/exchange-rates-Lebanon-Local+currency+units+per+USD-February-1994,https://data.humdata.org/dataset/faostat-food-prices-for-lebanon,February,Food and Agriculture Organization,1994,Local currency units per USD,http://linked.aub.edu.lb/CODEC/Lebanon/Dataset/exchange-rates-Lebanon
http://dbpedia.org/resource/Lebanon,2/28/1995,Lebanese Pound,LCU,2/1/1995,1.64E+03,http://linked.aub.edu.lb/CODEC/Lebanon/observation/exchange-rates-Lebanon-Local+currency+units+per+USD-February-1995,https://data.humdata.org/dataset/faostat-food-prices-for-lebanon,February,Food and Agriculture Organization,1995,Local currency units per USD,http://linked.aub.edu.lb/CODEC/Lebanon/Dataset/exchange-rates-Lebanon
http://dbpedia.org/resource/Lebanon,2/29/1996,Lebanese Pound,LCU,2/1/1996,1.59E+03,http://linked.aub.edu.lb/CODEC/Lebanon/observation/exchange-rates-Lebanon-Local+currency+units+per+USD-February-1996,https://data.humdata.org/dataset/faostat-food-prices-for-lebanon,February,Food and Agriculture Organization,1996,Local currency units per USD,http://linked.aub.edu.lb/CODEC/Lebanon/Dataset/exchange-rates-Lebanon
http://dbpedia.org/resource/Lebanon,2/28/1997,Lebanese Pound,LCU,2/1/1997,1.55E+03,http://linked.aub.edu.lb/CODEC/Lebanon/observation/exchange-rates-Lebanon-Local+currency+units+per+USD-February-1997,https://data.humdata.org/dataset/faostat-food-prices-for-lebanon,February,Food and Agriculture Organization,1997,Local currency units per USD,http://linked.aub.edu.lb/CODEC/Lebanon/Dataset/exchange-rates-Lebanon
http://dbpedia.org/resource/Lebanon,2/28/1998,Lebanese Pound,LCU,2/1/1998,1.52E+03,http://linked.aub.edu.lb/CODEC/Lebanon/observation/exchange-rates-Lebanon-Local+currency+units+per+USD-February-1998,https://data.humdata.org/dataset/faostat-food-prices-for-lebanon,February,Food and Agriculture Organization,1998,Local currency units per USD,http://linked.aub.edu.lb/CODEC/Lebanon/Dataset/exchange-rates-Lebanon
http://dbpedia.org/resource/Lebanon,2/28/1999,Lebanese Pound,LCU,2/1/1999,1.51E+03,http://linked.aub.edu.lb/CODEC/Lebanon/observation/exchange-rates-Lebanon-Local+currency+units+per+USD-February-1999,https://data.humdata.org/dataset/faostat-food-prices-for-lebanon,February,Food and Agriculture Organization,1999,Local currency units per USD,http://linked.aub.edu.lb/CODEC/Lebanon/Dataset/exchange-rates-Lebanon
http://dbpedia.org/resource/Lebanon,2/29/2000,Lebanese Pound,LCU,2/1/2000,1.51E+03,http://linked.aub.edu.lb/CODEC/Lebanon/observation/exchange-rates-Lebanon-Local+currency+units+per+USD-February-2000,https://data.humdata.org/dataset/faostat-food-prices-for-lebanon,February,Food and Agriculture Organization,2000,Local currency units per USD,http://linked.aub.edu.lb/CODEC/Lebanon/Dataset/exchange-rates-Lebanon
http://dbpedia.org/resource/Lebanon,2/28/2001,Lebanese Pound,LCU,2/1/2001,1.51E+03,http://linked.aub.edu.lb/CODEC/Lebanon/observation/exchange-rates-Lebanon-Local+currency+units+per+USD-February-2001,https://data.humdata.org/dataset/faostat-food-prices-for-lebanon,February,Food and Agriculture Organization,2001,Local currency units per USD,http://linked.aub.edu.lb/CODEC/Lebanon/Dataset/exchange-rates-Lebanon
http://dbpedia.org/resource/Lebanon,2/28/2002,Lebanese Pound,LCU,2/1/2002,1.51E+03,http://linked.aub.edu.lb/CODEC/Lebanon/observation/exchange-rates-Lebanon-Local+currency+units+per+USD-February-2002,https://data.humdata.org/dataset/faostat-food-prices-for-lebanon,February,Food and Agriculture Organization,2002,Local currency units per USD,http://linked.aub.edu.lb/CODEC/Lebanon/Dataset/exchange-rates-Lebanon
http://dbpedia.org/resource/Lebanon,2/28/2003,Lebanese Pound,LCU,2/1/2003,1.51E+03,http://linked.aub.edu.lb/CODEC/Lebanon/observation/exchange-rates-Lebanon-Local+currency+units+per+USD-February-2003,https://data.humdata.org/dataset/faostat-food-prices-for-lebanon,February,Food and Agriculture Organization,2003,Local currency units per USD,http://linked.aub.edu.lb/CODEC/Lebanon/Dataset/exchange-rates-Lebanon
http://dbpedia.org/resource/Lebanon,2/29/2004,Lebanese Pound,LCU,2/1/2004,1.51E+03,http://linked.aub.edu.lb/CODEC/Lebanon/observation/exchange-rates-Lebanon-Local+currency+units+per+USD-February-2004,https://data.humdata.org/dataset/faostat-food-prices-for-lebanon,February,Food and Agriculture Organization,2004,Local currency units per USD,http://linked.aub.edu.lb/CODEC/Lebanon/Dataset/exchange-rates-Lebanon
http://dbpedia.org/resource/Lebanon,2/28/2005,Lebanese Pound,LCU,2/1/2005,1.51E+03,http://linked.aub.edu.lb/CODEC/Lebanon/observation/exchange-rates-Lebanon-Local+currency+units+per+USD-February-2005,https://data.humdata.org/dataset/faostat-food-prices-for-lebanon,February,Food and Agriculture Organization,2005,Local currency units per USD,http://linked.aub.edu.lb/CODEC/Lebanon/Dataset/exchange-rates-Lebanon
http://dbpedia.org/resource/Lebanon,2/28/2006,Lebanese Pound,LCU,2/1/2006,1.51E+03,http://linked.aub.edu.lb/CODEC/Lebanon/observation/exchange-rates-Lebanon-Local+currency+units+per+USD-February-2006,https://data.humdata.org/dataset/faostat-food-prices-for-lebanon,February,Food and Agriculture Organization,2006,Local currency units per USD,http://linked.aub.edu.lb/CODEC/Lebanon/Dataset/exchange-rates-Lebanon
http://dbpedia.org/resource/Lebanon,2/28/2007,Lebanese Pound,LCU,2/1/2007,1.51E+03,http://linked.aub.edu.lb/CODEC/Lebanon/observation/exchange-rates-Lebanon-Local+currency+units+per+USD-February-2007,https://data.humdata.org/dataset/faostat-food-prices-for-lebanon,February,Food and Agriculture Organization,2007,Local currency units per USD,http://linked.aub.edu.lb/CODEC/Lebanon/Dataset/exchange-rates-Lebanon
http://dbpedia.org/resource/Lebanon,2/29/2008,Lebanese Pound,LCU,2/1/2008,1.51E+03,http://linked.aub.edu.lb/CODEC/Lebanon/observation/exchange-rates-Lebanon-Local+currency+units+per+USD-February-2008,https://data.humdata.org/dataset/faostat-food-prices-for-lebanon,February,Food and Agriculture Organization,2008,Local currency units per USD,http://linked.aub.edu.lb/CODEC/Lebanon/Dataset/exchange-rates-Lebanon
http://dbpedia.org/resource/Lebanon,2/28/2009,Lebanese Pound,LCU,2/1/2009,1.51E+03,http://linked.aub.edu.lb/CODEC/Lebanon/observation/exchange-rates-Lebanon-Local+currency+units+per+USD-February-2009,https://data.humdata.org/dataset/faostat-food-prices-for-lebanon,February,Food and Agriculture Organization,2009,Local currency units per USD,http://linked.aub.edu.lb/CODEC/Lebanon/Dataset/exchange-rates-Lebanon
http://dbpedia.org/resource/Lebanon,2/28/2010,Lebanese Pound,LCU,2/1/2010,1.51E+03,http://linked.aub.edu.lb/CODEC/Lebanon/observation/exchange-rates-Lebanon-Local+currency+units+per+USD-February-2010,https://data.humdata.org/dataset/faostat-food-prices-for-lebanon,February,Food and Agriculture Organization,2010,Local currency units per USD,http://linked.aub.edu.lb/CODEC/Lebanon/Dataset/exchange-rates-Lebanon
http://dbpedia.org/resource/Lebanon,2/28/2011,Lebanese Pound,LCU,2/1/2011,1.51E+03,http://linked.aub.edu.lb/CODEC/Lebanon/observation/exchange-rates-Lebanon-Local+currency+units+per+USD-February-2011,https://data.humdata.org/dataset/faostat-food-prices-for-lebanon,February,Food and Agriculture Organization,2011,Local currency units per USD,http://linked.aub.edu.lb/CODEC/Lebanon/Dataset/exchange-rates-Lebanon
http://dbpedia.org/resource/Lebanon,2/29/2012,Lebanese Pound,LCU,2/1/2012,1.51E+03,http://linked.aub.edu.lb/CODEC/Lebanon/observation/exchange-rates-Lebanon-Local+currency+units+per+USD-February-2012,https://data.humdata.org/dataset/faostat-food-prices-for-lebanon,February,Food and Agriculture Organization,2012,Local currency units per USD,http://linked.aub.edu.lb/CODEC/Lebanon/Dataset/exchange-rates-Lebanon
http://dbpedia.org/resource/Lebanon,2/28/2013,Lebanese Pound,LCU,2/1/2013,1.51E+03,http://linked.aub.edu.lb/CODEC/Lebanon/observation/exchange-rates-Lebanon-Local+currency+units+per+USD-February-2013,https://data.humdata.org/dataset/faostat-food-prices-for-lebanon,February,Food and Agriculture Organization,2013,Local currency units per USD,http://linked.aub.edu.lb/CODEC/Lebanon/Dataset/exchange-rates-Lebanon
http://dbpedia.org/resource/Lebanon,2/28/2014,Lebanese Pound,LCU,2/1/2014,1.51E+03,http://linked.aub.edu.lb/CODEC/Lebanon/observation/exchange-rates-Lebanon-Local+currency+units+per+USD-February-2014,https://data.humdata.org/dataset/faostat-food-prices-for-lebanon,February,Food and Agriculture Organization,2014,Local currency units per USD,http://linked.aub.edu.lb/CODEC/Lebanon/Dataset/exchange-rates-Lebanon
http://dbpedia.org/resource/Lebanon,2/28/2015,Lebanese Pound,LCU,2/1/2015,1.51E+03,http://linked.aub.edu.lb/CODEC/Lebanon/observation/exchange-rates-Lebanon-Local+currency+units+per+USD-February-2015,https://data.humdata.org/dataset/faostat-food-prices-for-lebanon,February,Food and Agriculture Organization,2015,Local currency units per USD,http://linked.aub.edu.lb/CODEC/Lebanon/Dataset/exchange-rates-Lebanon
http://dbpedia.org/resource/Lebanon,2/29/2016,Lebanese Pound,LCU,2/1/2016,1.51E+03,http://linked.aub.edu.lb/CODEC/Lebanon/observation/exchange-rates-Lebanon-Local+currency+units+per+USD-February-2016,https://data.humdata.org/dataset/faostat-food-prices-for-lebanon,February,Food and Agriculture Organization,2016,Local currency units per USD,http://linked.aub.edu.lb/CODEC/Lebanon/Dataset/exchange-rates-Lebanon
http://dbpedia.org/resource/Lebanon,2/28/2017,Lebanese Pound,LCU,2/1/2017,1.51E+03,http://linked.aub.edu.lb/CODEC/Lebanon/observation/exchange-rates-Lebanon-Local+currency+units+per+USD-February-2017,https://data.humdata.org/dataset/faostat-food-prices-for-lebanon,February,Food and Agriculture Organization,2017,Local currency units per USD,http://linked.aub.edu.lb/CODEC/Lebanon/Dataset/exchange-rates-Lebanon
http://dbpedia.org/resource/Lebanon,2/28/2018,Lebanese Pound,LCU,2/1/2018,1.51E+03,http://linked.aub.edu.lb/CODEC/Lebanon/observation/exchange-rates-Lebanon-Local+currency+units+per+USD-February-2018,https://data.humdata.org/dataset/faostat-food-prices-for-lebanon,February,Food and Agriculture Organization,2018,Local currency units per USD,http://linked.aub.edu.lb/CODEC/Lebanon/Dataset/exchange-rates-Lebanon
http://dbpedia.org/resource/Lebanon,2/28/2019,Lebanese Pound,LCU,2/1/2019,1.51E+03,http://linked.aub.edu.lb/CODEC/Lebanon/observation/exchange-rates-Lebanon-Local+currency+units+per+USD-February-2019,https://data.humdata.org/dataset/faostat-food-prices-for-lebanon,February,Food and Agriculture Organization,2019,Local currency units per USD,http://linked.aub.edu.lb/CODEC/Lebanon/Dataset/exchange-rates-Lebanon
http://dbpedia.org/resource/Lebanon,2/29/2020,Lebanese Pound,LCU,2/1/2020,1.51E+03,http://linked.aub.edu.lb/CODEC/Lebanon/observation/exchange-rates-Lebanon-Local+currency+units+per+USD-February-2020,https://data.humdata.org/dataset/faostat-food-prices-for-lebanon,February,Food and Agriculture Organization,2020,Local currency units per USD,http://linked.aub.edu.lb/CODEC/Lebanon/Dataset/exchange-rates-Lebanon
http://dbpedia.org/resource/Lebanon,2/28/2021,Lebanese Pound,LCU,2/1/2021,1.51E+03,http://linked.aub.edu.lb/CODEC/Lebanon/observation/exchange-rates-Lebanon-Local+currency+units+per+USD-February-2021,https://data.humdata.org/dataset/faostat-food-prices-for-lebanon,February,Food and Agriculture Organization,2021,Local currency units per USD,http://linked.aub.edu.lb/CODEC/Lebanon/Dataset/exchange-rates-Lebanon
http://dbpedia.org/resource/Lebanon,2/28/2022,Lebanese Pound,LCU,2/1/2022,1.51E+03,http://linked.aub.edu.lb/CODEC/Lebanon/observation/exchange-rates-Lebanon-Local+currency+units+per+USD-February-2022,https://data.humdata.org/dataset/faostat-food-prices-for-lebanon,February,Food and Agriculture Organization,2022,Local currency units per USD,http://linked.aub.edu.lb/CODEC/Lebanon/Dataset/exchange-rates-Lebanon
http://dbpedia.org/resource/Lebanon,2/28/2023,Lebanese Pound,LCU,2/1/2023,1.50E+04,http://linked.aub.edu.lb/CODEC/Lebanon/observation/exchange-rates-Lebanon-Local+currency+units+per+USD-February-2023,https://data.humdata.org/dataset/faostat-food-prices-for-lebanon,February,Food and Agriculture Organization,2023,Local currency units per USD,http://linked.aub.edu.lb/CODEC/Lebanon/Dataset/exchange-rates-Lebanon
http://dbpedia.org/resource/Lebanon,1/31/1970,Lebanese Pound,LCU,1/1/1970,3.27E+00,http://linked.aub.edu.lb/CODEC/Lebanon/observation/exchange-rates-Lebanon-Local+currency+units+per+USD-January-1970,https://data.humdata.org/dataset/faostat-food-prices-for-lebanon,January,Food and Agriculture Organization,1970,Local currency units per USD,http://linked.aub.edu.lb/CODEC/Lebanon/Dataset/exchange-rates-Lebanon
http://dbpedia.org/resource/Lebanon,1/31/1971,Lebanese Pound,LCU,1/1/1971,3.25E+00,http://linked.aub.edu.lb/CODEC/Lebanon/observation/exchange-rates-Lebanon-Local+currency+units+per+USD-January-1971,https://data.humdata.org/dataset/faostat-food-prices-for-lebanon,January,Food and Agriculture Organization,1971,Local currency units per USD,http://linked.aub.edu.lb/CODEC/Lebanon/Dataset/exchange-rates-Lebanon
http://dbpedia.org/resource/Lebanon,1/31/1972,Lebanese Pound,LCU,1/1/1972,3.14E+00,http://linked.aub.edu.lb/CODEC/Lebanon/observation/exchange-rates-Lebanon-Local+currency+units+per+USD-January-1972,https://data.humdata.org/dataset/faostat-food-prices-for-lebanon,January,Food and Agriculture Organization,1972,Local currency units per USD,http://linked.aub.edu.lb/CODEC/Lebanon/Dataset/exchange-rates-Lebanon
http://dbpedia.org/resource/Lebanon,1/31/1973,Lebanese Pound,LCU,1/1/1973,3.02E+00,http://linked.aub.edu.lb/CODEC/Lebanon/observation/exchange-rates-Lebanon-Local+currency+units+per+USD-January-1973,https://data.humdata.org/dataset/faostat-food-prices-for-lebanon,January,Food and Agriculture Organization,1973,Local currency units per USD,http://linked.aub.edu.lb/CODEC/Lebanon/Dataset/exchange-rates-Lebanon
http://dbpedia.org/resource/Lebanon,1/31/1974,Lebanese Pound,LCU,1/1/1974,2.49E+00,http://linked.aub.edu.lb/CODEC/Lebanon/observation/exchange-rates-Lebanon-Local+currency+units+per+USD-January-1974,https://data.humdata.org/dataset/faostat-food-prices-for-lebanon,January,Food and Agriculture Organization,1974,Local currency units per USD,http://linked.aub.edu.lb/CODEC/Lebanon/Dataset/exchange-rates-Lebanon
http://dbpedia.org/resource/Lebanon,1/31/1975,Lebanese Pound,LCU,1/1/1975,2.34E+00,http://linked.aub.edu.lb/CODEC/Lebanon/observation/exchange-rates-Lebanon-Local+currency+units+per+USD-January-1975,https://data.humdata.org/dataset/faostat-food-prices-for-lebanon,January,Food and Agriculture Organization,1975,Local currency units per USD,http://linked.aub.edu.lb/CODEC/Lebanon/Dataset/exchange-rates-Lebanon
http://dbpedia.org/resource/Lebanon,1/31/1976,Lebanese Pound,LCU,1/1/1976,2.44E+00,http://linked.aub.edu.lb/CODEC/Lebanon/observation/exchange-rates-Lebanon-Local+currency+units+per+USD-January-1976,https://data.humdata.org/dataset/faostat-food-prices-for-lebanon,January,Food and Agriculture Organization,1976,Local currency units per USD,http://linked.aub.edu.lb/CODEC/Lebanon/Dataset/exchange-rates-Lebanon
http://dbpedia.org/resource/Lebanon,1/31/1977,Lebanese Pound,LCU,1/1/1977,3.00E+00,http://linked.aub.edu.lb/CODEC/Lebanon/observation/exchange-rates-Lebanon-Local+currency+units+per+USD-January-1977,https://data.humdata.org/dataset/faostat-food-prices-for-lebanon,January,Food and Agriculture Organization,1977,Local currency units per USD,http://linked.aub.edu.lb/CODEC/Lebanon/Dataset/exchange-rates-Lebanon
http://dbpedia.org/resource/Lebanon,1/31/1978,Lebanese Pound,LCU,1/1/1978,2.99E+00,http://linked.aub.edu.lb/CODEC/Lebanon/observation/exchange-rates-Lebanon-Local+currency+units+per+USD-January-1978,https://data.humdata.org/dataset/faostat-food-prices-for-lebanon,January,Food and Agriculture Organization,1978,Local currency units per USD,http://linked.aub.edu.lb/CODEC/Lebanon/Dataset/exchange-rates-Lebanon
http://dbpedia.org/resource/Lebanon,1/31/1979,Lebanese Pound,LCU,1/1/1979,3.06E+00,http://linked.aub.edu.lb/CODEC/Lebanon/observation/exchange-rates-Lebanon-Local+currency+units+per+USD-January-1979,https://data.humdata.org/dataset/faostat-food-prices-for-lebanon,January,Food and Agriculture Organization,1979,Local currency units per USD,http://linked.aub.edu.lb/CODEC/Lebanon/Dataset/exchange-rates-Lebanon
http://dbpedia.org/resource/Lebanon,1/31/1980,Lebanese Pound,LCU,1/1/1980,3.27E+00,http://linked.aub.edu.lb/CODEC/Lebanon/observation/exchange-rates-Lebanon-Local+currency+units+per+USD-January-1980,https://data.humdata.org/dataset/faostat-food-prices-for-lebanon,January,Food and Agriculture Organization,1980,Local currency units per USD,http://linked.aub.edu.lb/CODEC/Lebanon/Dataset/exchange-rates-Lebanon
http://dbpedia.org/resource/Lebanon,1/31/1981,Lebanese Pound,LCU,1/1/1981,3.75E+00,http://linked.aub.edu.lb/CODEC/Lebanon/observation/exchange-rates-Lebanon-Local+currency+units+per+USD-January-1981,https://data.humdata.org/dataset/faostat-food-prices-for-lebanon,January,Food and Agriculture Organization,1981,Local currency units per USD,http://linked.aub.edu.lb/CODEC/Lebanon/Dataset/exchange-rates-Lebanon
http://dbpedia.org/resource/Lebanon,1/31/1982,Lebanese Pound,LCU,1/1/1982,4.70E+00,http://linked.aub.edu.lb/CODEC/Lebanon/observation/exchange-rates-Lebanon-Local+currency+units+per+USD-January-1982,https://data.humdata.org/dataset/faostat-food-prices-for-lebanon,January,Food and Agriculture Organization,1982,Local currency units per USD,http://linked.aub.edu.lb/CODEC/Lebanon/Dataset/exchange-rates-Lebanon
http://dbpedia.org/resource/Lebanon,1/31/1983,Lebanese Pound,LCU,1/1/1983,3.84E+00,http://linked.aub.edu.lb/CODEC/Lebanon/observation/exchange-rates-Lebanon-Local+currency+units+per+USD-January-1983,https://data.humdata.org/dataset/faostat-food-prices-for-lebanon,January,Food and Agriculture Organization,1983,Local currency units per USD,http://linked.aub.edu.lb/CODEC/Lebanon/Dataset/exchange-rates-Lebanon
http://dbpedia.org/resource/Lebanon,1/31/1984,Lebanese Pound,LCU,1/1/1984,5.68E+00,http://linked.aub.edu.lb/CODEC/Lebanon/observation/exchange-rates-Lebanon-Local+currency+units+per+USD-January-1984,https://data.humdata.org/dataset/faostat-food-prices-for-lebanon,January,Food and Agriculture Organization,1984,Local currency units per USD,http://linked.aub.edu.lb/CODEC/Lebanon/Dataset/exchange-rates-Lebanon
http://dbpedia.org/resource/Lebanon,1/31/1985,Lebanese Pound,LCU,1/1/1985,1.02E+01,http://linked.aub.edu.lb/CODEC/Lebanon/observation/exchange-rates-Lebanon-Local+currency+units+per+USD-January-1985,https://data.humdata.org/dataset/faostat-food-prices-for-lebanon,January,Food and Agriculture Organization,1985,Local currency units per USD,http://linked.aub.edu.lb/CODEC/Lebanon/Dataset/exchange-rates-Lebanon
http://dbpedia.org/resource/Lebanon,1/31/1986,Lebanese Pound,LCU,1/1/1986,2.02E+01,http://linked.aub.edu.lb/CODEC/Lebanon/observation/exchange-rates-Lebanon-Local+currency+units+per+USD-January-1986,https://data.humdata.org/dataset/faostat-food-prices-for-lebanon,January,Food and Agriculture Organization,1986,Local currency units per USD,http://linked.aub.edu.lb/CODEC/Lebanon/Dataset/exchange-rates-Lebanon
http://dbpedia.org/resource/Lebanon,1/31/1987,Lebanese Pound,LCU,1/1/1987,8.50E+01,http://linked.aub.edu.lb/CODEC/Lebanon/observation/exchange-rates-Lebanon-Local+currency+units+per+USD-January-1987,https://data.humdata.org/dataset/faostat-food-prices-for-lebanon,January,Food and Agriculture Organization,1987,Local currency units per USD,http://linked.aub.edu.lb/CODEC/Lebanon/Dataset/exchange-rates-Lebanon
http://dbpedia.org/resource/Lebanon,1/31/1988,Lebanese Pound,LCU,1/1/1988,4.66E+02,http://linked.aub.edu.lb/CODEC/Lebanon/observation/exchange-rates-Lebanon-Local+currency+units+per+USD-January-1988,https://data.humdata.org/dataset/faostat-food-prices-for-lebanon,January,Food and Agriculture Organization,1988,Local currency units per USD,http://linked.aub.edu.lb/CODEC/Lebanon/Dataset/exchange-rates-Lebanon
http://dbpedia.org/resource/Lebanon,1/31/1989,Lebanese Pound,LCU,1/1/1989,5.30E+02,http://linked.aub.edu.lb/CODEC/Lebanon/observation/exchange-rates-Lebanon-Local+currency+units+per+USD-January-1989,https://data.humdata.org/dataset/faostat-food-prices-for-lebanon,January,Food and Agriculture Organization,1989,Local currency units per USD,http://linked.aub.edu.lb/CODEC/Lebanon/Dataset/exchange-rates-Lebanon
http://dbpedia.org/resource/Lebanon,1/31/1990,Lebanese Pound,LCU,1/1/1990,5.45E+02,http://linked.aub.edu.lb/CODEC/Lebanon/observation/exchange-rates-Lebanon-Local+currency+units+per+USD-January-1990,https://data.humdata.org/dataset/faostat-food-prices-for-lebanon,January,Food and Agriculture Organization,1990,Local currency units per USD,http://linked.aub.edu.lb/CODEC/Lebanon/Dataset/exchange-rates-Lebanon
http://dbpedia.org/resource/Lebanon,1/31/1991,Lebanese Pound,LCU,1/1/1991,9.74E+02,http://linked.aub.edu.lb/CODEC/Lebanon/observation/exchange-rates-Lebanon-Local+currency+units+per+USD-January-1991,https://data.humdata.org/dataset/faostat-food-prices-for-lebanon,January,Food and Agriculture Organization,1991,Local currency units per USD,http://linked.aub.edu.lb/CODEC/Lebanon/Dataset/exchange-rates-Lebanon
http://dbpedia.org/resource/Lebanon,1/31/1992,Lebanese Pound,LCU,1/1/1992,8.79E+02,http://linked.aub.edu.lb/CODEC/Lebanon/observation/exchange-rates-Lebanon-Local+currency+units+per+USD-January-1992,https://data.humdata.org/dataset/faostat-food-prices-for-lebanon,January,Food and Agriculture Organization,1992,Local currency units per USD,http://linked.aub.edu.lb/CODEC/Lebanon/Dataset/exchange-rates-Lebanon
http://dbpedia.org/resource/Lebanon,1/31/1993,Lebanese Pound,LCU,1/1/1993,1.83E+03,http://linked.aub.edu.lb/CODEC/Lebanon/observation/exchange-rates-Lebanon-Local+currency+units+per+USD-January-1993,https://data.humdata.org/dataset/faostat-food-prices-for-lebanon,January,Food and Agriculture Organization,1993,Local currency units per USD,http://linked.aub.edu.lb/CODEC/Lebanon/Dataset/exchange-rates-Lebanon
http://dbpedia.org/resource/Lebanon,1/31/1994,Lebanese Pound,LCU,1/1/1994,1.71E+03,http://linked.aub.edu.lb/CODEC/Lebanon/observation/exchange-rates-Lebanon-Local+currency+units+per+USD-January-1994,https://data.humdata.org/dataset/faostat-food-prices-for-lebanon,January,Food and Agriculture Organization,1994,Local currency units per USD,http://linked.aub.edu.lb/CODEC/Lebanon/Dataset/exchange-rates-Lebanon
http://dbpedia.org/resource/Lebanon,1/31/1995,Lebanese Pound,LCU,1/1/1995,1.64E+03,http://linked.aub.edu.lb/CODEC/Lebanon/observation/exchange-rates-Lebanon-Local+currency+units+per+USD-January-1995,https://data.humdata.org/dataset/faostat-food-prices-for-lebanon,January,Food and Agriculture Organization,1995,Local currency units per USD,http://linked.aub.edu.lb/CODEC/Lebanon/Dataset/exchange-rates-Lebanon
http://dbpedia.org/resource/Lebanon,1/31/1996,Lebanese Pound,LCU,1/1/1996,1.59E+03,http://linked.aub.edu.lb/CODEC/Lebanon/observation/exchange-rates-Lebanon-Local+currency+units+per+USD-January-1996,https://data.humdata.org/dataset/faostat-food-prices-for-lebanon,January,Food and Agriculture Organization,1996,Local currency units per USD,http://linked.aub.edu.lb/CODEC/Lebanon/Dataset/exchange-rates-Lebanon
http://dbpedia.org/resource/Lebanon,1/31/1997,Lebanese Pound,LCU,1/1/1997,1.55E+03,http://linked.aub.edu.lb/CODEC/Lebanon/observation/exchange-rates-Lebanon-Local+currency+units+per+USD-January-1997,https://data.humdata.org/dataset/faostat-food-prices-for-lebanon,January,Food and Agriculture Organization,1997,Local currency units per USD,http://linked.aub.edu.lb/CODEC/Lebanon/Dataset/exchange-rates-Lebanon
http://dbpedia.org/resource/Lebanon,1/31/1998,Lebanese Pound,LCU,1/1/1998,1.53E+03,http://linked.aub.edu.lb/CODEC/Lebanon/observation/exchange-rates-Lebanon-Local+currency+units+per+USD-January-1998,https://data.humdata.org/dataset/faostat-food-prices-for-lebanon,January,Food and Agriculture Organization,1998,Local currency units per USD,http://linked.aub.edu.lb/CODEC/Lebanon/Dataset/exchange-rates-Lebanon
http://dbpedia.org/resource/Lebanon,1/31/1999,Lebanese Pound,LCU,1/1/1999,1.51E+03,http://linked.aub.edu.lb/CODEC/Lebanon/observation/exchange-rates-Lebanon-Local+currency+units+per+USD-January-1999,https://data.humdata.org/dataset/faostat-food-prices-for-lebanon,January,Food and Agriculture Organization,1999,Local currency units per USD,http://linked.aub.edu.lb/CODEC/Lebanon/Dataset/exchange-rates-Lebanon
http://dbpedia.org/resource/Lebanon,1/31/2000,Lebanese Pound,LCU,1/1/2000,1.51E+03,http://linked.aub.edu.lb/CODEC/Lebanon/observation/exchange-rates-Lebanon-Local+currency+units+per+USD-January-2000,https://data.humdata.org/dataset/faostat-food-prices-for-lebanon,January,Food and Agriculture Organization,2000,Local currency units per USD,http://linked.aub.edu.lb/CODEC/Lebanon/Dataset/exchange-rates-Lebanon
http://dbpedia.org/resource/Lebanon,1/31/2001,Lebanese Pound,LCU,1/1/2001,1.51E+03,http://linked.aub.edu.lb/CODEC/Lebanon/observation/exchange-rates-Lebanon-Local+currency+units+per+USD-January-2001,https://data.humdata.org/dataset/faostat-food-prices-for-lebanon,January,Food and Agriculture Organization,2001,Local currency units per USD,http://linked.aub.edu.lb/CODEC/Lebanon/Dataset/exchange-rates-Lebanon
http://dbpedia.org/resource/Lebanon,1/31/2002,Lebanese Pound,LCU,1/1/2002,1.51E+03,http://linked.aub.edu.lb/CODEC/Lebanon/observation/exchange-rates-Lebanon-Local+currency+units+per+USD-January-2002,https://data.humdata.org/dataset/faostat-food-prices-for-lebanon,January,Food and Agriculture Organization,2002,Local currency units per USD,http://linked.aub.edu.lb/CODEC/Lebanon/Dataset/exchange-rates-Lebanon
http://dbpedia.org/resource/Lebanon,1/31/2003,Lebanese Pound,LCU,1/1/2003,1.51E+03,http://linked.aub.edu.lb/CODEC/Lebanon/observation/exchange-rates-Lebanon-Local+currency+units+per+USD-January-2003,https://data.humdata.org/dataset/faostat-food-prices-for-lebanon,January,Food and Agriculture Organization,2003,Local currency units per USD,http://linked.aub.edu.lb/CODEC/Lebanon/Dataset/exchange-rates-Lebanon
http://dbpedia.org/resource/Lebanon,1/31/2004,Lebanese Pound,LCU,1/1/2004,1.51E+03,http://linked.aub.edu.lb/CODEC/Lebanon/observation/exchange-rates-Lebanon-Local+currency+units+per+USD-January-2004,https://data.humdata.org/dataset/faostat-food-prices-for-lebanon,January,Food and Agriculture Organization,2004,Local currency units per USD,http://linked.aub.edu.lb/CODEC/Lebanon/Dataset/exchange-rates-Lebanon
http://dbpedia.org/resource/Lebanon,1/31/2005,Lebanese Pound,LCU,1/1/2005,1.51E+03,http://linked.aub.edu.lb/CODEC/Lebanon/observation/exchange-rates-Lebanon-Local+currency+units+per+USD-January-2005,https://data.humdata.org/dataset/faostat-food-prices-for-lebanon,January,Food and Agriculture Organization,2005,Local currency units per USD,http://linked.aub.edu.lb/CODEC/Lebanon/Dataset/exchange-rates-Lebanon
http://dbpedia.org/resource/Lebanon,1/31/2006,Lebanese Pound,LCU,1/1/2006,1.51E+03,http://linked.aub.edu.lb/CODEC/Lebanon/observation/exchange-rates-Lebanon-Local+currency+units+per+USD-January-2006,https://data.humdata.org/dataset/faostat-food-prices-for-lebanon,January,Food and Agriculture Organization,2006,Local currency units per USD,http://linked.aub.edu.lb/CODEC/Lebanon/Dataset/exchange-rates-Lebanon
http://dbpedia.org/resource/Lebanon,1/31/2007,Lebanese Pound,LCU,1/1/2007,1.51E+03,http://linked.aub.edu.lb/CODEC/Lebanon/observation/exchange-rates-Lebanon-Local+currency+units+per+USD-January-2007,https://data.humdata.org/dataset/faostat-food-prices-for-lebanon,January,Food and Agriculture Organization,2007,Local currency units per USD,http://linked.aub.edu.lb/CODEC/Lebanon/Dataset/exchange-rates-Lebanon
http://dbpedia.org/resource/Lebanon,1/31/2008,Lebanese Pound,LCU,1/1/2008,1.51E+03,http://linked.aub.edu.lb/CODEC/Lebanon/observation/exchange-rates-Lebanon-Local+currency+units+per+USD-January-2008,https://data.humdata.org/dataset/faostat-food-prices-for-lebanon,January,Food and Agriculture Organization,2008,Local currency units per USD,http://linked.aub.edu.lb/CODEC/Lebanon/Dataset/exchange-rates-Lebanon
http://dbpedia.org/resource/Lebanon,1/31/2009,Lebanese Pound,LCU,1/1/2009,1.51E+03,http://linked.aub.edu.lb/CODEC/Lebanon/observation/exchange-rates-Lebanon-Local+currency+units+per+USD-January-2009,https://data.humdata.org/dataset/faostat-food-prices-for-lebanon,January,Food and Agriculture Organization,2009,Local currency units per USD,http://linked.aub.edu.lb/CODEC/Lebanon/Dataset/exchange-rates-Lebanon
http://dbpedia.org/resource/Lebanon,1/31/2010,Lebanese Pound,LCU,1/1/2010,1.51E+03,http://linked.aub.edu.lb/CODEC/Lebanon/observation/exchange-rates-Lebanon-Local+currency+units+per+USD-January-2010,https://data.humdata.org/dataset/faostat-food-prices-for-lebanon,January,Food and Agriculture Organization,2010,Local currency units per USD,http://linked.aub.edu.lb/CODEC/Lebanon/Dataset/exchange-rates-Lebanon
http://dbpedia.org/resource/Lebanon,1/31/2011,Lebanese Pound,LCU,1/1/2011,1.51E+03,http://linked.aub.edu.lb/CODEC/Lebanon/observation/exchange-rates-Lebanon-Local+currency+units+per+USD-January-2011,https://data.humdata.org/dataset/faostat-food-prices-for-lebanon,January,Food and Agriculture Organization,2011,Local currency units per USD,http://linked.aub.edu.lb/CODEC/Lebanon/Dataset/exchange-rates-Lebanon
http://dbpedia.org/resource/Lebanon,1/31/2012,Lebanese Pound,LCU,1/1/2012,1.51E+03,http://linked.aub.edu.lb/CODEC/Lebanon/observation/exchange-rates-Lebanon-Local+currency+units+per+USD-January-2012,https://data.humdata.org/dataset/faostat-food-prices-for-lebanon,January,Food and Agriculture Organization,2012,Local currency units per USD,http://linked.aub.edu.lb/CODEC/Lebanon/Dataset/exchange-rates-Lebanon
http://dbpedia.org/resource/Lebanon,1/31/2013,Lebanese Pound,LCU,1/1/2013,1.51E+03,http://linked.aub.edu.lb/CODEC/Lebanon/observation/exchange-rates-Lebanon-Local+currency+units+per+USD-January-2013,https://data.humdata.org/dataset/faostat-food-prices-for-lebanon,January,Food and Agriculture Organization,2013,Local currency units per USD,http://linked.aub.edu.lb/CODEC/Lebanon/Dataset/exchange-rates-Lebanon
http://dbpedia.org/resource/Lebanon,1/31/2014,Lebanese Pound,LCU,1/1/2014,1.51E+03,http://linked.aub.edu.lb/CODEC/Lebanon/observation/exchange-rates-Lebanon-Local+currency+units+per+USD-January-2014,https://data.humdata.org/dataset/faostat-food-prices-for-lebanon,January,Food and Agriculture Organization,2014,Local currency units per USD,http://linked.aub.edu.lb/CODEC/Lebanon/Dataset/exchange-rates-Lebanon
http://dbpedia.org/resource/Lebanon,1/31/2015,Lebanese Pound,LCU,1/1/2015,1.51E+03,http://linked.aub.edu.lb/CODEC/Lebanon/observation/exchange-rates-Lebanon-Local+currency+units+per+USD-January-2015,https://data.humdata.org/dataset/faostat-food-prices-for-lebanon,January,Food and Agriculture Organization,2015,Local currency units per USD,http://linked.aub.edu.lb/CODEC/Lebanon/Dataset/exchange-rates-Lebanon
http://dbpedia.org/resource/Lebanon,1/31/2016,Lebanese Pound,LCU,1/1/2016,1.51E+03,http://linked.aub.edu.lb/CODEC/Lebanon/observation/exchange-rates-Lebanon-Local+currency+units+per+USD-January-2016,https://data.humdata.org/dataset/faostat-food-prices-for-lebanon,January,Food and Agriculture Organization,2016,Local currency units per USD,http://linked.aub.edu.lb/CODEC/Lebanon/Dataset/exchange-rates-Lebanon
http://dbpedia.org/resource/Lebanon,1/31/2017,Lebanese Pound,LCU,1/1/2017,1.51E+03,http://linked.aub.edu.lb/CODEC/Lebanon/observation/exchange-rates-Lebanon-Local+currency+units+per+USD-January-2017,https://data.humdata.org/dataset/faostat-food-prices-for-lebanon,January,Food and Agriculture Organization,2017,Local currency units per USD,http://linked.aub.edu.lb/CODEC/Lebanon/Dataset/exchange-rates-Lebanon
http://dbpedia.org/resource/Lebanon,1/31/2018,Lebanese Pound,LCU,1/1/2018,1.51E+03,http://linked.aub.edu.lb/CODEC/Lebanon/observation/exchange-rates-Lebanon-Local+currency+units+per+USD-January-2018,https://data.humdata.org/dataset/faostat-food-prices-for-lebanon,January,Food and Agriculture Organization,2018,Local currency units per USD,http://linked.aub.edu.lb/CODEC/Lebanon/Dataset/exchange-rates-Lebanon
http://dbpedia.org/resource/Lebanon,1/31/2019,Lebanese Pound,LCU,1/1/2019,1.51E+03,http://linked.aub.edu.lb/CODEC/Lebanon/observation/exchange-rates-Lebanon-Local+currency+units+per+USD-January-2019,https://data.humdata.org/dataset/faostat-food-prices-for-lebanon,January,Food and Agriculture Organization,2019,Local currency units per USD,http://linked.aub.edu.lb/CODEC/Lebanon/Dataset/exchange-rates-Lebanon
http://dbpedia.org/resource/Lebanon,1/31/2020,Lebanese Pound,LCU,1/1/2020,1.51E+03,http://linked.aub.edu.lb/CODEC/Lebanon/observation/exchange-rates-Lebanon-Local+currency+units+per+USD-January-2020,https://data.humdata.org/dataset/faostat-food-prices-for-lebanon,January,Food and Agriculture Organization,2020,Local currency units per USD,http://linked.aub.edu.lb/CODEC/Lebanon/Dataset/exchange-rates-Lebanon
http://dbpedia.org/resource/Lebanon,1/31/2021,Lebanese Pound,LCU,1/1/2021,1.51E+03,http://linked.aub.edu.lb/CODEC/Lebanon/observation/exchange-rates-Lebanon-Local+currency+units+per+USD-January-2021,https://data.humdata.org/dataset/faostat-food-prices-for-lebanon,January,Food and Agriculture Organization,2021,Local currency units per USD,http://linked.aub.edu.lb/CODEC/Lebanon/Dataset/exchange-rates-Lebanon
http://dbpedia.org/resource/Lebanon,1/31/2022,Lebanese Pound,LCU,1/1/2022,1.51E+03,http://linked.aub.edu.lb/CODEC/Lebanon/observation/exchange-rates-Lebanon-Local+currency+units+per+USD-January-2022,https://data.humdata.org/dataset/faostat-food-prices-for-lebanon,January,Food and Agriculture Organization,2022,Local currency units per USD,http://linked.aub.edu.lb/CODEC/Lebanon/Dataset/exchange-rates-Lebanon
http://dbpedia.org/resource/Lebanon,1/31/2023,Lebanese Pound,LCU,1/1/2023,1.51E+03,http://linked.aub.edu.lb/CODEC/Lebanon/observation/exchange-rates-Lebanon-Local+currency+units+per+USD-January-2023,https://data.humdata.org/dataset/faostat-food-prices-for-lebanon,January,Food and Agriculture Organization,2023,Local currency units per USD,http://linked.aub.edu.lb/CODEC/Lebanon/Dataset/exchange-rates-Lebanon
http://dbpedia.org/resource/Lebanon,7/31/1970,Lebanese Pound,LCU,7/1/1970,3.27E+00,http://linked.aub.edu.lb/CODEC/Lebanon/observation/exchange-rates-Lebanon-Local+currency+units+per+USD-July-1970,https://data.humdata.org/dataset/faostat-food-prices-for-lebanon,July,Food and Agriculture Organization,1970,Local currency units per USD,http://linked.aub.edu.lb/CODEC/Lebanon/Dataset/exchange-rates-Lebanon
http://dbpedia.org/resource/Lebanon,7/31/1971,Lebanese Pound,LCU,7/1/1971,3.27E+00,http://linked.aub.edu.lb/CODEC/Lebanon/observation/exchange-rates-Lebanon-Local+currency+units+per+USD-July-1971,https://data.humdata.org/dataset/faostat-food-prices-for-lebanon,July,Food and Agriculture Organization,1971,Local currency units per USD,http://linked.aub.edu.lb/CODEC/Lebanon/Dataset/exchange-rates-Lebanon
http://dbpedia.org/resource/Lebanon,7/31/1972,Lebanese Pound,LCU,7/1/1972,3.00E+00,http://linked.aub.edu.lb/CODEC/Lebanon/observation/exchange-rates-Lebanon-Local+currency+units+per+USD-July-1972,https://data.humdata.org/dataset/faostat-food-prices-for-lebanon,July,Food and Agriculture Organization,1972,Local currency units per USD,http://linked.aub.edu.lb/CODEC/Lebanon/Dataset/exchange-rates-Lebanon
http://dbpedia.org/resource/Lebanon,7/31/1973,Lebanese Pound,LCU,7/1/1973,2.37E+00,http://linked.aub.edu.lb/CODEC/Lebanon/observation/exchange-rates-Lebanon-Local+currency+units+per+USD-July-1973,https://data.humdata.org/dataset/faostat-food-prices-for-lebanon,July,Food and Agriculture Organization,1973,Local currency units per USD,http://linked.aub.edu.lb/CODEC/Lebanon/Dataset/exchange-rates-Lebanon
http://dbpedia.org/resource/Lebanon,7/31/1974,Lebanese Pound,LCU,7/1/1974,2.27E+00,http://linked.aub.edu.lb/CODEC/Lebanon/observation/exchange-rates-Lebanon-Local+currency+units+per+USD-July-1974,https://data.humdata.org/dataset/faostat-food-prices-for-lebanon,July,Food and Agriculture Organization,1974,Local currency units per USD,http://linked.aub.edu.lb/CODEC/Lebanon/Dataset/exchange-rates-Lebanon
http://dbpedia.org/resource/Lebanon,7/31/1975,Lebanese Pound,LCU,7/1/1975,2.27E+00,http://linked.aub.edu.lb/CODEC/Lebanon/observation/exchange-rates-Lebanon-Local+currency+units+per+USD-July-1975,https://data.humdata.org/dataset/faostat-food-prices-for-lebanon,July,Food and Agriculture Organization,1975,Local currency units per USD,http://linked.aub.edu.lb/CODEC/Lebanon/Dataset/exchange-rates-Lebanon
http://dbpedia.org/resource/Lebanon,7/31/1976,Lebanese Pound,LCU,7/1/1976,3.15E+00,http://linked.aub.edu.lb/CODEC/Lebanon/observation/exchange-rates-Lebanon-Local+currency+units+per+USD-July-1976,https://data.humdata.org/dataset/faostat-food-prices-for-lebanon,July,Food and Agriculture Organization,1976,Local currency units per USD,http://linked.aub.edu.lb/CODEC/Lebanon/Dataset/exchange-rates-Lebanon
http://dbpedia.org/resource/Lebanon,7/31/1977,Lebanese Pound,LCU,7/1/1977,3.12E+00,http://linked.aub.edu.lb/CODEC/Lebanon/observation/exchange-rates-Lebanon-Local+currency+units+per+USD-July-1977,https://data.humdata.org/dataset/faostat-food-prices-for-lebanon,July,Food and Agriculture Organization,1977,Local currency units per USD,http://linked.aub.edu.lb/CODEC/Lebanon/Dataset/exchange-rates-Lebanon
http://dbpedia.org/resource/Lebanon,7/31/1978,Lebanese Pound,LCU,7/1/1978,2.92E+00,http://linked.aub.edu.lb/CODEC/Lebanon/observation/exchange-rates-Lebanon-Local+currency+units+per+USD-July-1978,https://data.humdata.org/dataset/faostat-food-prices-for-lebanon,July,Food and Agriculture Organization,1978,Local currency units per USD,http://linked.aub.edu.lb/CODEC/Lebanon/Dataset/exchange-rates-Lebanon
http://dbpedia.org/resource/Lebanon,7/31/1979,Lebanese Pound,LCU,7/1/1979,3.24E+00,http://linked.aub.edu.lb/CODEC/Lebanon/observation/exchange-rates-Lebanon-Local+currency+units+per+USD-July-1979,https://data.humdata.org/dataset/faostat-food-prices-for-lebanon,July,Food and Agriculture Organization,1979,Local currency units per USD,http://linked.aub.edu.lb/CODEC/Lebanon/Dataset/exchange-rates-Lebanon
http://dbpedia.org/resource/Lebanon,7/31/1980,Lebanese Pound,LCU,7/1/1980,3.41E+00,http://linked.aub.edu.lb/CODEC/Lebanon/observation/exchange-rates-Lebanon-Local+currency+units+per+USD-July-1980,https://data.humdata.org/dataset/faostat-food-prices-for-lebanon,July,Food and Agriculture Organization,1980,Local currency units per USD,http://linked.aub.edu.lb/CODEC/Lebanon/Dataset/exchange-rates-Lebanon
http://dbpedia.org/resource/Lebanon,7/31/1981,Lebanese Pound,LCU,7/1/1981,4.39E+00,http://linked.aub.edu.lb/CODEC/Lebanon/observation/exchange-rates-Lebanon-Local+currency+units+per+USD-July-1981,https://data.humdata.org/dataset/faostat-food-prices-for-lebanon,July,Food and Agriculture Organization,1981,Local currency units per USD,http://linked.aub.edu.lb/CODEC/Lebanon/Dataset/exchange-rates-Lebanon
http://dbpedia.org/resource/Lebanon,7/31/1982,Lebanese Pound,LCU,7/1/1982,5.16E+00,http://linked.aub.edu.lb/CODEC/Lebanon/observation/exchange-rates-Lebanon-Local+currency+units+per+USD-July-1982,https://data.humdata.org/dataset/faostat-food-prices-for-lebanon,July,Food and Agriculture Organization,1982,Local currency units per USD,http://linked.aub.edu.lb/CODEC/Lebanon/Dataset/exchange-rates-Lebanon
http://dbpedia.org/resource/Lebanon,7/31/1983,Lebanese Pound,LCU,7/1/1983,4.37E+00,http://linked.aub.edu.lb/CODEC/Lebanon/observation/exchange-rates-Lebanon-Local+currency+units+per+USD-July-1983,https://data.humdata.org/dataset/faostat-food-prices-for-lebanon,July,Food and Agriculture Organization,1983,Local currency units per USD,http://linked.aub.edu.lb/CODEC/Lebanon/Dataset/exchange-rates-Lebanon
http://dbpedia.org/resource/Lebanon,7/31/1984,Lebanese Pound,LCU,7/1/1984,5.95E+00,http://linked.aub.edu.lb/CODEC/Lebanon/observation/exchange-rates-Lebanon-Local+currency+units+per+USD-July-1984,https://data.humdata.org/dataset/faostat-food-prices-for-lebanon,July,Food and Agriculture Organization,1984,Local currency units per USD,http://linked.aub.edu.lb/CODEC/Lebanon/Dataset/exchange-rates-Lebanon
http://dbpedia.org/resource/Lebanon,7/31/1985,Lebanese Pound,LCU,7/1/1985,1.57E+01,http://linked.aub.edu.lb/CODEC/Lebanon/observation/exchange-rates-Lebanon-Local+currency+units+per+USD-July-1985,https://data.humdata.org/dataset/faostat-food-prices-for-lebanon,July,Food and Agriculture Organization,1985,Local currency units per USD,http://linked.aub.edu.lb/CODEC/Lebanon/Dataset/exchange-rates-Lebanon
http://dbpedia.org/resource/Lebanon,7/31/1986,Lebanese Pound,LCU,7/1/1986,4.30E+01,http://linked.aub.edu.lb/CODEC/Lebanon/observation/exchange-rates-Lebanon-Local+currency+units+per+USD-July-1986,https://data.humdata.org/dataset/faostat-food-prices-for-lebanon,July,Food and Agriculture Organization,1986,Local currency units per USD,http://linked.aub.edu.lb/CODEC/Lebanon/Dataset/exchange-rates-Lebanon
http://dbpedia.org/resource/Lebanon,7/31/1987,Lebanese Pound,LCU,7/1/1987,1.66E+02,http://linked.aub.edu.lb/CODEC/Lebanon/observation/exchange-rates-Lebanon-Local+currency+units+per+USD-July-1987,https://data.humdata.org/dataset/faostat-food-prices-for-lebanon,July,Food and Agriculture Organization,1987,Local currency units per USD,http://linked.aub.edu.lb/CODEC/Lebanon/Dataset/exchange-rates-Lebanon
http://dbpedia.org/resource/Lebanon,7/31/1988,Lebanese Pound,LCU,7/1/1988,3.52E+02,http://linked.aub.edu.lb/CODEC/Lebanon/observation/exchange-rates-Lebanon-Local+currency+units+per+USD-July-1988,https://data.humdata.org/dataset/faostat-food-prices-for-lebanon,July,Food and Agriculture Organization,1988,Local currency units per USD,http://linked.aub.edu.lb/CODEC/Lebanon/Dataset/exchange-rates-Lebanon
http://dbpedia.org/resource/Lebanon,7/31/1989,Lebanese Pound,LCU,7/1/1989,5.13E+02,http://linked.aub.edu.lb/CODEC/Lebanon/observation/exchange-rates-Lebanon-Local+currency+units+per+USD-July-1989,https://data.humdata.org/dataset/faostat-food-prices-for-lebanon,July,Food and Agriculture Organization,1989,Local currency units per USD,http://linked.aub.edu.lb/CODEC/Lebanon/Dataset/exchange-rates-Lebanon
http://dbpedia.org/resource/Lebanon,7/31/1990,Lebanese Pound,LCU,7/1/1990,6.62E+02,http://linked.aub.edu.lb/CODEC/Lebanon/observation/exchange-rates-Lebanon-Local+currency+units+per+USD-July-1990,https://data.humdata.org/dataset/faostat-food-prices-for-lebanon,July,Food and Agriculture Organization,1990,Local currency units per USD,http://linked.aub.edu.lb/CODEC/Lebanon/Dataset/exchange-rates-Lebanon
http://dbpedia.org/resource/Lebanon,7/31/1991,Lebanese Pound,LCU,7/1/1991,8.97E+02,http://linked.aub.edu.lb/CODEC/Lebanon/observation/exchange-rates-Lebanon-Local+currency+units+per+USD-July-1991,https://data.humdata.org/dataset/faostat-food-prices-for-lebanon,July,Food and Agriculture Organization,1991,Local currency units per USD,http://linked.aub.edu.lb/CODEC/Lebanon/Dataset/exchange-rates-Lebanon
http://dbpedia.org/resource/Lebanon,7/31/1992,Lebanese Pound,LCU,7/1/1992,1.86E+03,http://linked.aub.edu.lb/CODEC/Lebanon/observation/exchange-rates-Lebanon-Local+currency+units+per+USD-July-1992,https://data.humdata.org/dataset/faostat-food-prices-for-lebanon,July,Food and Agriculture Organization,1992,Local currency units per USD,http://linked.aub.edu.lb/CODEC/Lebanon/Dataset/exchange-rates-Lebanon
http://dbpedia.org/resource/Lebanon,7/31/1993,Lebanese Pound,LCU,7/1/1993,1.73E+03,http://linked.aub.edu.lb/CODEC/Lebanon/observation/exchange-rates-Lebanon-Local+currency+units+per+USD-July-1993,https://data.humdata.org/dataset/faostat-food-prices-for-lebanon,July,Food and Agriculture Organization,1993,Local currency units per USD,http://linked.aub.edu.lb/CODEC/Lebanon/Dataset/exchange-rates-Lebanon
http://dbpedia.org/resource/Lebanon,7/31/1994,Lebanese Pound,LCU,7/1/1994,1.68E+03,http://linked.aub.edu.lb/CODEC/Lebanon/observation/exchange-rates-Lebanon-Local+currency+units+per+USD-July-1994,https://data.humdata.org/dataset/faostat-food-prices-for-lebanon,July,Food and Agriculture Organization,1994,Local currency units per USD,http://linked.aub.edu.lb/CODEC/Lebanon/Dataset/exchange-rates-Lebanon
http://dbpedia.org/resource/Lebanon,7/31/1995,Lebanese Pound,LCU,7/1/1995,1.62E+03,http://linked.aub.edu.lb/CODEC/Lebanon/observation/exchange-rates-Lebanon-Local+currency+units+per+USD-July-1995,https://data.humdata.org/dataset/faostat-food-prices-for-lebanon,July,Food and Agriculture Organization,1995,Local currency units per USD,http://linked.aub.edu.lb/CODEC/Lebanon/Dataset/exchange-rates-Lebanon
http://dbpedia.org/resource/Lebanon,7/31/1996,Lebanese Pound,LCU,7/1/1996,1.57E+03,http://linked.aub.edu.lb/CODEC/Lebanon/observation/exchange-rates-Lebanon-Local+currency+units+per+USD-July-1996,https://data.humdata.org/dataset/faostat-food-prices-for-lebanon,July,Food and Agriculture Organization,1996,Local currency units per USD,http://linked.aub.edu.lb/CODEC/Lebanon/Dataset/exchange-rates-Lebanon
http://dbpedia.org/resource/Lebanon,7/31/1997,Lebanese Pound,LCU,7/1/1997,1.54E+03,http://linked.aub.edu.lb/CODEC/Lebanon/observation/exchange-rates-Lebanon-Local+currency+units+per+USD-July-1997,https://data.humdata.org/dataset/faostat-food-prices-for-lebanon,July,Food and Agriculture Organization,1997,Local currency units per USD,http://linked.aub.edu.lb/CODEC/Lebanon/Dataset/exchange-rates-Lebanon
http://dbpedia.org/resource/Lebanon,7/31/1998,Lebanese Pound,LCU,7/1/1998,1.52E+03,http://linked.aub.edu.lb/CODEC/Lebanon/observation/exchange-rates-Lebanon-Local+currency+units+per+USD-July-1998,https://data.humdata.org/dataset/faostat-food-prices-for-lebanon,July,Food and Agriculture Organization,1998,Local currency units per USD,http://linked.aub.edu.lb/CODEC/Lebanon/Dataset/exchange-rates-Lebanon
http://dbpedia.org/resource/Lebanon,7/31/1999,Lebanese Pound,LCU,7/1/1999,1.51E+03,http://linked.aub.edu.lb/CODEC/Lebanon/observation/exchange-rates-Lebanon-Local+currency+units+per+USD-July-1999,https://data.humdata.org/dataset/faostat-food-prices-for-lebanon,July,Food and Agriculture Organization,1999,Local currency units per USD,http://linked.aub.edu.lb/CODEC/Lebanon/Dataset/exchange-rates-Lebanon
http://dbpedia.org/resource/Lebanon,7/31/2000,Lebanese Pound,LCU,7/1/2000,1.51E+03,http://linked.aub.edu.lb/CODEC/Lebanon/observation/exchange-rates-Lebanon-Local+currency+units+per+USD-July-2000,https://data.humdata.org/dataset/faostat-food-prices-for-lebanon,July,Food and Agriculture Organization,2000,Local currency units per USD,http://linked.aub.edu.lb/CODEC/Lebanon/Dataset/exchange-rates-Lebanon
http://dbpedia.org/resource/Lebanon,7/31/2001,Lebanese Pound,LCU,7/1/2001,1.51E+03,http://linked.aub.edu.lb/CODEC/Lebanon/observation/exchange-rates-Lebanon-Local+currency+units+per+USD-July-2001,https://data.humdata.org/dataset/faostat-food-prices-for-lebanon,July,Food and Agriculture Organization,2001,Local currency units per USD,http://linked.aub.edu.lb/CODEC/Lebanon/Dataset/exchange-rates-Lebanon
http://dbpedia.org/resource/Lebanon,7/31/2002,Lebanese Pound,LCU,7/1/2002,1.51E+03,http://linked.aub.edu.lb/CODEC/Lebanon/observation/exchange-rates-Lebanon-Local+currency+units+per+USD-July-2002,https://data.humdata.org/dataset/faostat-food-prices-for-lebanon,July,Food and Agriculture Organization,2002,Local currency units per USD,http://linked.aub.edu.lb/CODEC/Lebanon/Dataset/exchange-rates-Lebanon
http://dbpedia.org/resource/Lebanon,7/31/2003,Lebanese Pound,LCU,7/1/2003,1.51E+03,http://linked.aub.edu.lb/CODEC/Lebanon/observation/exchange-rates-Lebanon-Local+currency+units+per+USD-July-2003,https://data.humdata.org/dataset/faostat-food-prices-for-lebanon,July,Food and Agriculture Organization,2003,Local currency units per USD,http://linked.aub.edu.lb/CODEC/Lebanon/Dataset/exchange-rates-Lebanon
http://dbpedia.org/resource/Lebanon,7/31/2004,Lebanese Pound,LCU,7/1/2004,1.51E+03,http://linked.aub.edu.lb/CODEC/Lebanon/observation/exchange-rates-Lebanon-Local+currency+units+per+USD-July-2004,https://data.humdata.org/dataset/faostat-food-prices-for-lebanon,July,Food and Agriculture Organization,2004,Local currency units per USD,http://linked.aub.edu.lb/CODEC/Lebanon/Dataset/exchange-rates-Lebanon
http://dbpedia.org/resource/Lebanon,7/31/2005,Lebanese Pound,LCU,7/1/2005,1.51E+03,http://linked.aub.edu.lb/CODEC/Lebanon/observation/exchange-rates-Lebanon-Local+currency+units+per+USD-July-2005,https://data.humdata.org/dataset/faostat-food-prices-for-lebanon,July,Food and Agriculture Organization,2005,Local currency units per USD,http://linked.aub.edu.lb/CODEC/Lebanon/Dataset/exchange-rates-Lebanon
http://dbpedia.org/resource/Lebanon,7/31/2006,Lebanese Pound,LCU,7/1/2006,1.51E+03,http://linked.aub.edu.lb/CODEC/Lebanon/observation/exchange-rates-Lebanon-Local+currency+units+per+USD-July-2006,https://data.humdata.org/dataset/faostat-food-prices-for-lebanon,July,Food and Agriculture Organization,2006,Local currency units per USD,http://linked.aub.edu.lb/CODEC/Lebanon/Dataset/exchange-rates-Lebanon
http://dbpedia.org/resource/Lebanon,7/31/2007,Lebanese Pound,LCU,7/1/2007,1.51E+03,http://linked.aub.edu.lb/CODEC/Lebanon/observation/exchange-rates-Lebanon-Local+currency+units+per+USD-July-2007,https://data.humdata.org/dataset/faostat-food-prices-for-lebanon,July,Food and Agriculture Organization,2007,Local currency units per USD,http://linked.aub.edu.lb/CODEC/Lebanon/Dataset/exchange-rates-Lebanon
http://dbpedia.org/resource/Lebanon,7/31/2008,Lebanese Pound,LCU,7/1/2008,1.51E+03,http://linked.aub.edu.lb/CODEC/Lebanon/observation/exchange-rates-Lebanon-Local+currency+units+per+USD-July-2008,https://data.humdata.org/dataset/faostat-food-prices-for-lebanon,July,Food and Agriculture Organization,2008,Local currency units per USD,http://linked.aub.edu.lb/CODEC/Lebanon/Dataset/exchange-rates-Lebanon
http://dbpedia.org/resource/Lebanon,7/31/2009,Lebanese Pound,LCU,7/1/2009,1.51E+03,http://linked.aub.edu.lb/CODEC/Lebanon/observation/exchange-rates-Lebanon-Local+currency+units+per+USD-July-2009,https://data.humdata.org/dataset/faostat-food-prices-for-lebanon,July,Food and Agriculture Organization,2009,Local currency units per USD,http://linked.aub.edu.lb/CODEC/Lebanon/Dataset/exchange-rates-Lebanon
http://dbpedia.org/resource/Lebanon,7/31/2010,Lebanese Pound,LCU,7/1/2010,1.51E+03,http://linked.aub.edu.lb/CODEC/Lebanon/observation/exchange-rates-Lebanon-Local+currency+units+per+USD-July-2010,https://data.humdata.org/dataset/faostat-food-prices-for-lebanon,July,Food and Agriculture Organization,2010,Local currency units per USD,http://linked.aub.edu.lb/CODEC/Lebanon/Dataset/exchange-rates-Lebanon
http://dbpedia.org/resource/Lebanon,7/31/2011,Lebanese Pound,LCU,7/1/2011,1.51E+03,http://linked.aub.edu.lb/CODEC/Lebanon/observation/exchange-rates-Lebanon-Local+currency+units+per+USD-July-2011,https://data.humdata.org/dataset/faostat-food-prices-for-lebanon,July,Food and Agriculture Organization,2011,Local currency units per USD,http://linked.aub.edu.lb/CODEC/Lebanon/Dataset/exchange-rates-Lebanon
http://dbpedia.org/resource/Lebanon,7/31/2012,Lebanese Pound,LCU,7/1/2012,1.51E+03,http://linked.aub.edu.lb/CODEC/Lebanon/observation/exchange-rates-Lebanon-Local+currency+units+per+USD-July-2012,https://data.humdata.org/dataset/faostat-food-prices-for-lebanon,July,Food and Agriculture Organization,2012,Local currency units per USD,http://linked.aub.edu.lb/CODEC/Lebanon/Dataset/exchange-rates-Lebanon
http://dbpedia.org/resource/Lebanon,7/31/2013,Lebanese Pound,LCU,7/1/2013,1.51E+03,http://linked.aub.edu.lb/CODEC/Lebanon/observation/exchange-rates-Lebanon-Local+currency+units+per+USD-July-2013,https://data.humdata.org/dataset/faostat-food-prices-for-lebanon,July,Food and Agriculture Organization,2013,Local currency units per USD,http://linked.aub.edu.lb/CODEC/Lebanon/Dataset/exchange-rates-Lebanon
http://dbpedia.org/resource/Lebanon,7/31/2014,Lebanese Pound,LCU,7/1/2014,1.51E+03,http://linked.aub.edu.lb/CODEC/Lebanon/observation/exchange-rates-Lebanon-Local+currency+units+per+USD-July-2014,https://data.humdata.org/dataset/faostat-food-prices-for-lebanon,July,Food and Agriculture Organization,2014,Local currency units per USD,http://linked.aub.edu.lb/CODEC/Lebanon/Dataset/exchange-rates-Lebanon
http://dbpedia.org/resource/Lebanon,7/31/2015,Lebanese Pound,LCU,7/1/2015,1.51E+03,http://linked.aub.edu.lb/CODEC/Lebanon/observation/exchange-rates-Lebanon-Local+currency+units+per+USD-July-2015,https://data.humdata.org/dataset/faostat-food-prices-for-lebanon,July,Food and Agriculture Organization,2015,Local currency units per USD,http://linked.aub.edu.lb/CODEC/Lebanon/Dataset/exchange-rates-Lebanon
http://dbpedia.org/resource/Lebanon,7/31/2016,Lebanese Pound,LCU,7/1/2016,1.51E+03,http://linked.aub.edu.lb/CODEC/Lebanon/observation/exchange-rates-Lebanon-Local+currency+units+per+USD-July-2016,https://data.humdata.org/dataset/faostat-food-prices-for-lebanon,July,Food and Agriculture Organization,2016,Local currency units per USD,http://linked.aub.edu.lb/CODEC/Lebanon/Dataset/exchange-rates-Lebanon
http://dbpedia.org/resource/Lebanon,7/31/2017,Lebanese Pound,LCU,7/1/2017,1.51E+03,http://linked.aub.edu.lb/CODEC/Lebanon/observation/exchange-rates-Lebanon-Local+currency+units+per+USD-July-2017,https://data.humdata.org/dataset/faostat-food-prices-for-lebanon,July,Food and Agriculture Organization,2017,Local currency units per USD,http://linked.aub.edu.lb/CODEC/Lebanon/Dataset/exchange-rates-Lebanon
http://dbpedia.org/resource/Lebanon,7/31/2018,Lebanese Pound,LCU,7/1/2018,1.51E+03,http://linked.aub.edu.lb/CODEC/Lebanon/observation/exchange-rates-Lebanon-Local+currency+units+per+USD-July-2018,https://data.humdata.org/dataset/faostat-food-prices-for-lebanon,July,Food and Agriculture Organization,2018,Local currency units per USD,http://linked.aub.edu.lb/CODEC/Lebanon/Dataset/exchange-rates-Lebanon
http://dbpedia.org/resource/Lebanon,7/31/2019,Lebanese Pound,LCU,7/1/2019,1.51E+03,http://linked.aub.edu.lb/CODEC/Lebanon/observation/exchange-rates-Lebanon-Local+currency+units+per+USD-July-2019,https://data.humdata.org/dataset/faostat-food-prices-for-lebanon,July,Food and Agriculture Organization,2019,Local currency units per USD,http://linked.aub.edu.lb/CODEC/Lebanon/Dataset/exchange-rates-Lebanon
http://dbpedia.org/resource/Lebanon,7/31/2020,Lebanese Pound,LCU,7/1/2020,1.51E+03,http://linked.aub.edu.lb/CODEC/Lebanon/observation/exchange-rates-Lebanon-Local+currency+units+per+USD-July-2020,https://data.humdata.org/dataset/faostat-food-prices-for-lebanon,July,Food and Agriculture Organization,2020,Local currency units per USD,http://linked.aub.edu.lb/CODEC/Lebanon/Dataset/exchange-rates-Lebanon
http://dbpedia.org/resource/Lebanon,7/31/2021,Lebanese Pound,LCU,7/1/2021,1.51E+03,http://linked.aub.edu.lb/CODEC/Lebanon/observation/exchange-rates-Lebanon-Local+currency+units+per+USD-July-2021,https://data.humdata.org/dataset/faostat-food-prices-for-lebanon,July,Food and Agriculture Organization,2021,Local currency units per USD,http://linked.aub.edu.lb/CODEC/Lebanon/Dataset/exchange-rates-Lebanon
http://dbpedia.org/resource/Lebanon,7/31/2022,Lebanese Pound,LCU,7/1/2022,1.51E+03,http://linked.aub.edu.lb/CODEC/Lebanon/observation/exchange-rates-Lebanon-Local+currency+units+per+USD-July-2022,https://data.humdata.org/dataset/faostat-food-prices-for-lebanon,July,Food and Agriculture Organization,2022,Local currency units per USD,http://linked.aub.edu.lb/CODEC/Lebanon/Dataset/exchange-rates-Lebanon
http://dbpedia.org/resource/Lebanon,6/30/1970,Lebanese Pound,LCU,6/1/1970,3.27E+00,http://linked.aub.edu.lb/CODEC/Lebanon/observation/exchange-rates-Lebanon-Local+currency+units+per+USD-June-1970,https://data.humdata.org/dataset/faostat-food-prices-for-lebanon,June,Food and Agriculture Organization,1970,Local currency units per USD,http://linked.aub.edu.lb/CODEC/Lebanon/Dataset/exchange-rates-Lebanon
http://dbpedia.org/resource/Lebanon,6/30/1971,Lebanese Pound,LCU,6/1/1971,3.27E+00,http://linked.aub.edu.lb/CODEC/Lebanon/observation/exchange-rates-Lebanon-Local+currency+units+per+USD-June-1971,https://data.humdata.org/dataset/faostat-food-prices-for-lebanon,June,Food and Agriculture Organization,1971,Local currency units per USD,http://linked.aub.edu.lb/CODEC/Lebanon/Dataset/exchange-rates-Lebanon
http://dbpedia.org/resource/Lebanon,6/30/1972,Lebanese Pound,LCU,6/1/1972,3.05E+00,http://linked.aub.edu.lb/CODEC/Lebanon/observation/exchange-rates-Lebanon-Local+currency+units+per+USD-June-1972,https://data.humdata.org/dataset/faostat-food-prices-for-lebanon,June,Food and Agriculture Organization,1972,Local currency units per USD,http://linked.aub.edu.lb/CODEC/Lebanon/Dataset/exchange-rates-Lebanon
http://dbpedia.org/resource/Lebanon,6/30/1973,Lebanese Pound,LCU,6/1/1973,2.50E+00,http://linked.aub.edu.lb/CODEC/Lebanon/observation/exchange-rates-Lebanon-Local+currency+units+per+USD-June-1973,https://data.humdata.org/dataset/faostat-food-prices-for-lebanon,June,Food and Agriculture Organization,1973,Local currency units per USD,http://linked.aub.edu.lb/CODEC/Lebanon/Dataset/exchange-rates-Lebanon
http://dbpedia.org/resource/Lebanon,6/30/1974,Lebanese Pound,LCU,6/1/1974,2.31E+00,http://linked.aub.edu.lb/CODEC/Lebanon/observation/exchange-rates-Lebanon-Local+currency+units+per+USD-June-1974,https://data.humdata.org/dataset/faostat-food-prices-for-lebanon,June,Food and Agriculture Organization,1974,Local currency units per USD,http://linked.aub.edu.lb/CODEC/Lebanon/Dataset/exchange-rates-Lebanon
http://dbpedia.org/resource/Lebanon,6/30/1975,Lebanese Pound,LCU,6/1/1975,2.23E+00,http://linked.aub.edu.lb/CODEC/Lebanon/observation/exchange-rates-Lebanon-Local+currency+units+per+USD-June-1975,https://data.humdata.org/dataset/faostat-food-prices-for-lebanon,June,Food and Agriculture Organization,1975,Local currency units per USD,http://linked.aub.edu.lb/CODEC/Lebanon/Dataset/exchange-rates-Lebanon
http://dbpedia.org/resource/Lebanon,6/30/1976,Lebanese Pound,LCU,6/1/1976,3.00E+00,http://linked.aub.edu.lb/CODEC/Lebanon/observation/exchange-rates-Lebanon-Local+currency+units+per+USD-June-1976,https://data.humdata.org/dataset/faostat-food-prices-for-lebanon,June,Food and Agriculture Organization,1976,Local currency units per USD,http://linked.aub.edu.lb/CODEC/Lebanon/Dataset/exchange-rates-Lebanon
http://dbpedia.org/resource/Lebanon,6/30/1977,Lebanese Pound,LCU,6/1/1977,3.07E+00,http://linked.aub.edu.lb/CODEC/Lebanon/observation/exchange-rates-Lebanon-Local+currency+units+per+USD-June-1977,https://data.humdata.org/dataset/faostat-food-prices-for-lebanon,June,Food and Agriculture Organization,1977,Local currency units per USD,http://linked.aub.edu.lb/CODEC/Lebanon/Dataset/exchange-rates-Lebanon
http://dbpedia.org/resource/Lebanon,6/30/1978,Lebanese Pound,LCU,6/1/1978,2.90E+00,http://linked.aub.edu.lb/CODEC/Lebanon/observation/exchange-rates-Lebanon-Local+currency+units+per+USD-June-1978,https://data.humdata.org/dataset/faostat-food-prices-for-lebanon,June,Food and Agriculture Organization,1978,Local currency units per USD,http://linked.aub.edu.lb/CODEC/Lebanon/Dataset/exchange-rates-Lebanon
http://dbpedia.org/resource/Lebanon,6/30/1979,Lebanese Pound,LCU,6/1/1979,3.26E+00,http://linked.aub.edu.lb/CODEC/Lebanon/observation/exchange-rates-Lebanon-Local+currency+units+per+USD-June-1979,https://data.humdata.org/dataset/faostat-food-prices-for-lebanon,June,Food and Agriculture Organization,1979,Local currency units per USD,http://linked.aub.edu.lb/CODEC/Lebanon/Dataset/exchange-rates-Lebanon
http://dbpedia.org/resource/Lebanon,6/30/1980,Lebanese Pound,LCU,6/1/1980,3.41E+00,http://linked.aub.edu.lb/CODEC/Lebanon/observation/exchange-rates-Lebanon-Local+currency+units+per+USD-June-1980,https://data.humdata.org/dataset/faostat-food-prices-for-lebanon,June,Food and Agriculture Organization,1980,Local currency units per USD,http://linked.aub.edu.lb/CODEC/Lebanon/Dataset/exchange-rates-Lebanon
http://dbpedia.org/resource/Lebanon,6/30/1981,Lebanese Pound,LCU,6/1/1981,4.31E+00,http://linked.aub.edu.lb/CODEC/Lebanon/observation/exchange-rates-Lebanon-Local+currency+units+per+USD-June-1981,https://data.humdata.org/dataset/faostat-food-prices-for-lebanon,June,Food and Agriculture Organization,1981,Local currency units per USD,http://linked.aub.edu.lb/CODEC/Lebanon/Dataset/exchange-rates-Lebanon
http://dbpedia.org/resource/Lebanon,6/30/1982,Lebanese Pound,LCU,6/1/1982,5.12E+00,http://linked.aub.edu.lb/CODEC/Lebanon/observation/exchange-rates-Lebanon-Local+currency+units+per+USD-June-1982,https://data.humdata.org/dataset/faostat-food-prices-for-lebanon,June,Food and Agriculture Organization,1982,Local currency units per USD,http://linked.aub.edu.lb/CODEC/Lebanon/Dataset/exchange-rates-Lebanon
http://dbpedia.org/resource/Lebanon,6/30/1983,Lebanese Pound,LCU,6/1/1983,4.26E+00,http://linked.aub.edu.lb/CODEC/Lebanon/observation/exchange-rates-Lebanon-Local+currency+units+per+USD-June-1983,https://data.humdata.org/dataset/faostat-food-prices-for-lebanon,June,Food and Agriculture Organization,1983,Local currency units per USD,http://linked.aub.edu.lb/CODEC/Lebanon/Dataset/exchange-rates-Lebanon
http://dbpedia.org/resource/Lebanon,6/30/1984,Lebanese Pound,LCU,6/1/1984,6.02E+00,http://linked.aub.edu.lb/CODEC/Lebanon/observation/exchange-rates-Lebanon-Local+currency+units+per+USD-June-1984,https://data.humdata.org/dataset/faostat-food-prices-for-lebanon,June,Food and Agriculture Organization,1984,Local currency units per USD,http://linked.aub.edu.lb/CODEC/Lebanon/Dataset/exchange-rates-Lebanon
http://dbpedia.org/resource/Lebanon,6/30/1985,Lebanese Pound,LCU,6/1/1985,1.57E+01,http://linked.aub.edu.lb/CODEC/Lebanon/observation/exchange-rates-Lebanon-Local+currency+units+per+USD-June-1985,https://data.humdata.org/dataset/faostat-food-prices-for-lebanon,June,Food and Agriculture Organization,1985,Local currency units per USD,http://linked.aub.edu.lb/CODEC/Lebanon/Dataset/exchange-rates-Lebanon
http://dbpedia.org/resource/Lebanon,6/30/1986,Lebanese Pound,LCU,6/1/1986,4.04E+01,http://linked.aub.edu.lb/CODEC/Lebanon/observation/exchange-rates-Lebanon-Local+currency+units+per+USD-June-1986,https://data.humdata.org/dataset/faostat-food-prices-for-lebanon,June,Food and Agriculture Organization,1986,Local currency units per USD,http://linked.aub.edu.lb/CODEC/Lebanon/Dataset/exchange-rates-Lebanon
http://dbpedia.org/resource/Lebanon,6/30/1987,Lebanese Pound,LCU,6/1/1987,1.35E+02,http://linked.aub.edu.lb/CODEC/Lebanon/observation/exchange-rates-Lebanon-Local+currency+units+per+USD-June-1987,https://data.humdata.org/dataset/faostat-food-prices-for-lebanon,June,Food and Agriculture Organization,1987,Local currency units per USD,http://linked.aub.edu.lb/CODEC/Lebanon/Dataset/exchange-rates-Lebanon
http://dbpedia.org/resource/Lebanon,6/30/1988,Lebanese Pound,LCU,6/1/1988,3.56E+02,http://linked.aub.edu.lb/CODEC/Lebanon/observation/exchange-rates-Lebanon-Local+currency+units+per+USD-June-1988,https://data.humdata.org/dataset/faostat-food-prices-for-lebanon,June,Food and Agriculture Organization,1988,Local currency units per USD,http://linked.aub.edu.lb/CODEC/Lebanon/Dataset/exchange-rates-Lebanon
http://dbpedia.org/resource/Lebanon,6/30/1989,Lebanese Pound,LCU,6/1/1989,5.07E+02,http://linked.aub.edu.lb/CODEC/Lebanon/observation/exchange-rates-Lebanon-Local+currency+units+per+USD-June-1989,https://data.humdata.org/dataset/faostat-food-prices-for-lebanon,June,Food and Agriculture Organization,1989,Local currency units per USD,http://linked.aub.edu.lb/CODEC/Lebanon/Dataset/exchange-rates-Lebanon
http://dbpedia.org/resource/Lebanon,6/30/1990,Lebanese Pound,LCU,6/1/1990,6.64E+02,http://linked.aub.edu.lb/CODEC/Lebanon/observation/exchange-rates-Lebanon-Local+currency+units+per+USD-June-1990,https://data.humdata.org/dataset/faostat-food-prices-for-lebanon,June,Food and Agriculture Organization,1990,Local currency units per USD,http://linked.aub.edu.lb/CODEC/Lebanon/Dataset/exchange-rates-Lebanon
http://dbpedia.org/resource/Lebanon,6/30/1991,Lebanese Pound,LCU,6/1/1991,9.09E+02,http://linked.aub.edu.lb/CODEC/Lebanon/observation/exchange-rates-Lebanon-Local+currency+units+per+USD-June-1991,https://data.humdata.org/dataset/faostat-food-prices-for-lebanon,June,Food and Agriculture Organization,1991,Local currency units per USD,http://linked.aub.edu.lb/CODEC/Lebanon/Dataset/exchange-rates-Lebanon
http://dbpedia.org/resource/Lebanon,6/30/1992,Lebanese Pound,LCU,6/1/1992,1.73E+03,http://linked.aub.edu.lb/CODEC/Lebanon/observation/exchange-rates-Lebanon-Local+currency+units+per+USD-June-1992,https://data.humdata.org/dataset/faostat-food-prices-for-lebanon,June,Food and Agriculture Organization,1992,Local currency units per USD,http://linked.aub.edu.lb/CODEC/Lebanon/Dataset/exchange-rates-Lebanon
http://dbpedia.org/resource/Lebanon,6/30/1993,Lebanese Pound,LCU,6/1/1993,1.73E+03,http://linked.aub.edu.lb/CODEC/Lebanon/observation/exchange-rates-Lebanon-Local+currency+units+per+USD-June-1993,https://data.humdata.org/dataset/faostat-food-prices-for-lebanon,June,Food and Agriculture Organization,1993,Local currency units per USD,http://linked.aub.edu.lb/CODEC/Lebanon/Dataset/exchange-rates-Lebanon
http://dbpedia.org/resource/Lebanon,6/30/1994,Lebanese Pound,LCU,6/1/1994,1.68E+03,http://linked.aub.edu.lb/CODEC/Lebanon/observation/exchange-rates-Lebanon-Local+currency+units+per+USD-June-1994,https://data.humdata.org/dataset/faostat-food-prices-for-lebanon,June,Food and Agriculture Organization,1994,Local currency units per USD,http://linked.aub.edu.lb/CODEC/Lebanon/Dataset/exchange-rates-Lebanon
http://dbpedia.org/resource/Lebanon,6/30/1995,Lebanese Pound,LCU,6/1/1995,1.62E+03,http://linked.aub.edu.lb/CODEC/Lebanon/observation/exchange-rates-Lebanon-Local+currency+units+per+USD-June-1995,https://data.humdata.org/dataset/faostat-food-prices-for-lebanon,June,Food and Agriculture Organization,1995,Local currency units per USD,http://linked.aub.edu.lb/CODEC/Lebanon/Dataset/exchange-rates-Lebanon
http://dbpedia.org/resource/Lebanon,6/30/1996,Lebanese Pound,LCU,6/1/1996,1.57E+03,http://linked.aub.edu.lb/CODEC/Lebanon/observation/exchange-rates-Lebanon-Local+currency+units+per+USD-June-1996,https://data.humdata.org/dataset/faostat-food-prices-for-lebanon,June,Food and Agriculture Organization,1996,Local currency units per USD,http://linked.aub.edu.lb/CODEC/Lebanon/Dataset/exchange-rates-Lebanon
http://dbpedia.org/resource/Lebanon,6/30/1997,Lebanese Pound,LCU,6/1/1997,1.54E+03,http://linked.aub.edu.lb/CODEC/Lebanon/observation/exchange-rates-Lebanon-Local+currency+units+per+USD-June-1997,https://data.humdata.org/dataset/faostat-food-prices-for-lebanon,June,Food and Agriculture Organization,1997,Local currency units per USD,http://linked.aub.edu.lb/CODEC/Lebanon/Dataset/exchange-rates-Lebanon
http://dbpedia.org/resource/Lebanon,6/30/1998,Lebanese Pound,LCU,6/1/1998,1.52E+03,http://linked.aub.edu.lb/CODEC/Lebanon/observation/exchange-rates-Lebanon-Local+currency+units+per+USD-June-1998,https://data.humdata.org/dataset/faostat-food-prices-for-lebanon,June,Food and Agriculture Organization,1998,Local currency units per USD,http://linked.aub.edu.lb/CODEC/Lebanon/Dataset/exchange-rates-Lebanon
http://dbpedia.org/resource/Lebanon,6/30/1999,Lebanese Pound,LCU,6/1/1999,1.51E+03,http://linked.aub.edu.lb/CODEC/Lebanon/observation/exchange-rates-Lebanon-Local+currency+units+per+USD-June-1999,https://data.humdata.org/dataset/faostat-food-prices-for-lebanon,June,Food and Agriculture Organization,1999,Local currency units per USD,http://linked.aub.edu.lb/CODEC/Lebanon/Dataset/exchange-rates-Lebanon
http://dbpedia.org/resource/Lebanon,6/30/2000,Lebanese Pound,LCU,6/1/2000,1.51E+03,http://linked.aub.edu.lb/CODEC/Lebanon/observation/exchange-rates-Lebanon-Local+currency+units+per+USD-June-2000,https://data.humdata.org/dataset/faostat-food-prices-for-lebanon,June,Food and Agriculture Organization,2000,Local currency units per USD,http://linked.aub.edu.lb/CODEC/Lebanon/Dataset/exchange-rates-Lebanon
http://dbpedia.org/resource/Lebanon,6/30/2001,Lebanese Pound,LCU,6/1/2001,1.51E+03,http://linked.aub.edu.lb/CODEC/Lebanon/observation/exchange-rates-Lebanon-Local+currency+units+per+USD-June-2001,https://data.humdata.org/dataset/faostat-food-prices-for-lebanon,June,Food and Agriculture Organization,2001,Local currency units per USD,http://linked.aub.edu.lb/CODEC/Lebanon/Dataset/exchange-rates-Lebanon
http://dbpedia.org/resource/Lebanon,6/30/2002,Lebanese Pound,LCU,6/1/2002,1.51E+03,http://linked.aub.edu.lb/CODEC/Lebanon/observation/exchange-rates-Lebanon-Local+currency+units+per+USD-June-2002,https://data.humdata.org/dataset/faostat-food-prices-for-lebanon,June,Food and Agriculture Organization,2002,Local currency units per USD,http://linked.aub.edu.lb/CODEC/Lebanon/Dataset/exchange-rates-Lebanon
http://dbpedia.org/resource/Lebanon,6/30/2003,Lebanese Pound,LCU,6/1/2003,1.51E+03,http://linked.aub.edu.lb/CODEC/Lebanon/observation/exchange-rates-Lebanon-Local+currency+units+per+USD-June-2003,https://data.humdata.org/dataset/faostat-food-prices-for-lebanon,June,Food and Agriculture Organization,2003,Local currency units per USD,http://linked.aub.edu.lb/CODEC/Lebanon/Dataset/exchange-rates-Lebanon
http://dbpedia.org/resource/Lebanon,6/30/2004,Lebanese Pound,LCU,6/1/2004,1.51E+03,http://linked.aub.edu.lb/CODEC/Lebanon/observation/exchange-rates-Lebanon-Local+currency+units+per+USD-June-2004,https://data.humdata.org/dataset/faostat-food-prices-for-lebanon,June,Food and Agriculture Organization,2004,Local currency units per USD,http://linked.aub.edu.lb/CODEC/Lebanon/Dataset/exchange-rates-Lebanon
http://dbpedia.org/resource/Lebanon,6/30/2005,Lebanese Pound,LCU,6/1/2005,1.51E+03,http://linked.aub.edu.lb/CODEC/Lebanon/observation/exchange-rates-Lebanon-Local+currency+units+per+USD-June-2005,https://data.humdata.org/dataset/faostat-food-prices-for-lebanon,June,Food and Agriculture Organization,2005,Local currency units per USD,http://linked.aub.edu.lb/CODEC/Lebanon/Dataset/exchange-rates-Lebanon
http://dbpedia.org/resource/Lebanon,6/30/2006,Lebanese Pound,LCU,6/1/2006,1.51E+03,http://linked.aub.edu.lb/CODEC/Lebanon/observation/exchange-rates-Lebanon-Local+currency+units+per+USD-June-2006,https://data.humdata.org/dataset/faostat-food-prices-for-lebanon,June,Food and Agriculture Organization,2006,Local currency units per USD,http://linked.aub.edu.lb/CODEC/Lebanon/Dataset/exchange-rates-Lebanon
http://dbpedia.org/resource/Lebanon,6/30/2007,Lebanese Pound,LCU,6/1/2007,1.51E+03,http://linked.aub.edu.lb/CODEC/Lebanon/observation/exchange-rates-Lebanon-Local+currency+units+per+USD-June-2007,https://data.humdata.org/dataset/faostat-food-prices-for-lebanon,June,Food and Agriculture Organization,2007,Local currency units per USD,http://linked.aub.edu.lb/CODEC/Lebanon/Dataset/exchange-rates-Lebanon
http://dbpedia.org/resource/Lebanon,6/30/2008,Lebanese Pound,LCU,6/1/2008,1.51E+03,http://linked.aub.edu.lb/CODEC/Lebanon/observation/exchange-rates-Lebanon-Local+currency+units+per+USD-June-2008,https://data.humdata.org/dataset/faostat-food-prices-for-lebanon,June,Food and Agriculture Organization,2008,Local currency units per USD,http://linked.aub.edu.lb/CODEC/Lebanon/Dataset/exchange-rates-Lebanon
http://dbpedia.org/resource/Lebanon,6/30/2009,Lebanese Pound,LCU,6/1/2009,1.51E+03,http://linked.aub.edu.lb/CODEC/Lebanon/observation/exchange-rates-Lebanon-Local+currency+units+per+USD-June-2009,https://data.humdata.org/dataset/faostat-food-prices-for-lebanon,June,Food and Agriculture Organization,2009,Local currency units per USD,http://linked.aub.edu.lb/CODEC/Lebanon/Dataset/exchange-rates-Lebanon
http://dbpedia.org/resource/Lebanon,6/30/2010,Lebanese Pound,LCU,6/1/2010,1.51E+03,http://linked.aub.edu.lb/CODEC/Lebanon/observation/exchange-rates-Lebanon-Local+currency+units+per+USD-June-2010,https://data.humdata.org/dataset/faostat-food-prices-for-lebanon,June,Food and Agriculture Organization,2010,Local currency units per USD,http://linked.aub.edu.lb/CODEC/Lebanon/Dataset/exchange-rates-Lebanon
http://dbpedia.org/resource/Lebanon,6/30/2011,Lebanese Pound,LCU,6/1/2011,1.51E+03,http://linked.aub.edu.lb/CODEC/Lebanon/observation/exchange-rates-Lebanon-Local+currency+units+per+USD-June-2011,https://data.humdata.org/dataset/faostat-food-prices-for-lebanon,June,Food and Agriculture Organization,2011,Local currency units per USD,http://linked.aub.edu.lb/CODEC/Lebanon/Dataset/exchange-rates-Lebanon
http://dbpedia.org/resource/Lebanon,6/30/2012,Lebanese Pound,LCU,6/1/2012,1.51E+03,http://linked.aub.edu.lb/CODEC/Lebanon/observation/exchange-rates-Lebanon-Local+currency+units+per+USD-June-2012,https://data.humdata.org/dataset/faostat-food-prices-for-lebanon,June,Food and Agriculture Organization,2012,Local currency units per USD,http://linked.aub.edu.lb/CODEC/Lebanon/Dataset/exchange-rates-Lebanon
http://dbpedia.org/resource/Lebanon,6/30/2013,Lebanese Pound,LCU,6/1/2013,1.51E+03,http://linked.aub.edu.lb/CODEC/Lebanon/observation/exchange-rates-Lebanon-Local+currency+units+per+USD-June-2013,https://data.humdata.org/dataset/faostat-food-prices-for-lebanon,June,Food and Agriculture Organization,2013,Local currency units per USD,http://linked.aub.edu.lb/CODEC/Lebanon/Dataset/exchange-rates-Lebanon
http://dbpedia.org/resource/Lebanon,6/30/2014,Lebanese Pound,LCU,6/1/2014,1.51E+03,http://linked.aub.edu.lb/CODEC/Lebanon/observation/exchange-rates-Lebanon-Local+currency+units+per+USD-June-2014,https://data.humdata.org/dataset/faostat-food-prices-for-lebanon,June,Food and Agriculture Organization,2014,Local currency units per USD,http://linked.aub.edu.lb/CODEC/Lebanon/Dataset/exchange-rates-Lebanon
http://dbpedia.org/resource/Lebanon,6/30/2015,Lebanese Pound,LCU,6/1/2015,1.51E+03,http://linked.aub.edu.lb/CODEC/Lebanon/observation/exchange-rates-Lebanon-Local+currency+units+per+USD-June-2015,https://data.humdata.org/dataset/faostat-food-prices-for-lebanon,June,Food and Agriculture Organization,2015,Local currency units per USD,http://linked.aub.edu.lb/CODEC/Lebanon/Dataset/exchange-rates-Lebanon
http://dbpedia.org/resource/Lebanon,6/30/2016,Lebanese Pound,LCU,6/1/2016,1.51E+03,http://linked.aub.edu.lb/CODEC/Lebanon/observation/exchange-rates-Lebanon-Local+currency+units+per+USD-June-2016,https://data.humdata.org/dataset/faostat-food-prices-for-lebanon,June,Food and Agriculture Organization,2016,Local currency units per USD,http://linked.aub.edu.lb/CODEC/Lebanon/Dataset/exchange-rates-Lebanon
http://dbpedia.org/resource/Lebanon,6/30/2017,Lebanese Pound,LCU,6/1/2017,1.51E+03,http://linked.aub.edu.lb/CODEC/Lebanon/observation/exchange-rates-Lebanon-Local+currency+units+per+USD-June-2017,https://data.humdata.org/dataset/faostat-food-prices-for-lebanon,June,Food and Agriculture Organization,2017,Local currency units per USD,http://linked.aub.edu.lb/CODEC/Lebanon/Dataset/exchange-rates-Lebanon
http://dbpedia.org/resource/Lebanon,6/30/2018,Lebanese Pound,LCU,6/1/2018,1.51E+03,http://linked.aub.edu.lb/CODEC/Lebanon/observation/exchange-rates-Lebanon-Local+currency+units+per+USD-June-2018,https://data.humdata.org/dataset/faostat-food-prices-for-lebanon,June,Food and Agriculture Organization,2018,Local currency units per USD,http://linked.aub.edu.lb/CODEC/Lebanon/Dataset/exchange-rates-Lebanon
http://dbpedia.org/resource/Lebanon,6/30/2019,Lebanese Pound,LCU,6/1/2019,1.51E+03,http://linked.aub.edu.lb/CODEC/Lebanon/observation/exchange-rates-Lebanon-Local+currency+units+per+USD-June-2019,https://data.humdata.org/dataset/faostat-food-prices-for-lebanon,June,Food and Agriculture Organization,2019,Local currency units per USD,http://linked.aub.edu.lb/CODEC/Lebanon/Dataset/exchange-rates-Lebanon
http://dbpedia.org/resource/Lebanon,6/30/2020,Lebanese Pound,LCU,6/1/2020,1.51E+03,http://linked.aub.edu.lb/CODEC/Lebanon/observation/exchange-rates-Lebanon-Local+currency+units+per+USD-June-2020,https://data.humdata.org/dataset/faostat-food-prices-for-lebanon,June,Food and Agriculture Organization,2020,Local currency units per USD,http://linked.aub.edu.lb/CODEC/Lebanon/Dataset/exchange-rates-Lebanon
http://dbpedia.org/resource/Lebanon,6/30/2021,Lebanese Pound,LCU,6/1/2021,1.51E+03,http://linked.aub.edu.lb/CODEC/Lebanon/observation/exchange-rates-Lebanon-Local+currency+units+per+USD-June-2021,https://data.humdata.org/dataset/faostat-food-prices-for-lebanon,June,Food and Agriculture Organization,2021,Local currency units per USD,http://linked.aub.edu.lb/CODEC/Lebanon/Dataset/exchange-rates-Lebanon
http://dbpedia.org/resource/Lebanon,6/30/2022,Lebanese Pound,LCU,6/1/2022,1.51E+03,http://linked.aub.edu.lb/CODEC/Lebanon/observation/exchange-rates-Lebanon-Local+currency+units+per+USD-June-2022,https://data.humdata.org/dataset/faostat-food-prices-for-lebanon,June,Food and Agriculture Organization,2022,Local currency units per USD,http://linked.aub.edu.lb/CODEC/Lebanon/Dataset/exchange-rates-Lebanon
http://dbpedia.org/resource/Lebanon,3/31/1970,Lebanese Pound,LCU,3/1/1970,3.30E+00,http://linked.aub.edu.lb/CODEC/Lebanon/observation/exchange-rates-Lebanon-Local+currency+units+per+USD-March-1970,https://data.humdata.org/dataset/faostat-food-prices-for-lebanon,March,Food and Agriculture Organization,1970,Local currency units per USD,http://linked.aub.edu.lb/CODEC/Lebanon/Dataset/exchange-rates-Lebanon
http://dbpedia.org/resource/Lebanon,3/31/1971,Lebanese Pound,LCU,3/1/1971,3.26E+00,http://linked.aub.edu.lb/CODEC/Lebanon/observation/exchange-rates-Lebanon-Local+currency+units+per+USD-March-1971,https://data.humdata.org/dataset/faostat-food-prices-for-lebanon,March,Food and Agriculture Organization,1971,Local currency units per USD,http://linked.aub.edu.lb/CODEC/Lebanon/Dataset/exchange-rates-Lebanon
http://dbpedia.org/resource/Lebanon,3/31/1972,Lebanese Pound,LCU,3/1/1972,3.12E+00,http://linked.aub.edu.lb/CODEC/Lebanon/observation/exchange-rates-Lebanon-Local+currency+units+per+USD-March-1972,https://data.humdata.org/dataset/faostat-food-prices-for-lebanon,March,Food and Agriculture Organization,1972,Local currency units per USD,http://linked.aub.edu.lb/CODEC/Lebanon/Dataset/exchange-rates-Lebanon
http://dbpedia.org/resource/Lebanon,3/31/1973,Lebanese Pound,LCU,3/1/1973,2.70E+00,http://linked.aub.edu.lb/CODEC/Lebanon/observation/exchange-rates-Lebanon-Local+currency+units+per+USD-March-1973,https://data.humdata.org/dataset/faostat-food-prices-for-lebanon,March,Food and Agriculture Organization,1973,Local currency units per USD,http://linked.aub.edu.lb/CODEC/Lebanon/Dataset/exchange-rates-Lebanon
http://dbpedia.org/resource/Lebanon,3/31/1974,Lebanese Pound,LCU,3/1/1974,2.39E+00,http://linked.aub.edu.lb/CODEC/Lebanon/observation/exchange-rates-Lebanon-Local+currency+units+per+USD-March-1974,https://data.humdata.org/dataset/faostat-food-prices-for-lebanon,March,Food and Agriculture Organization,1974,Local currency units per USD,http://linked.aub.edu.lb/CODEC/Lebanon/Dataset/exchange-rates-Lebanon
http://dbpedia.org/resource/Lebanon,3/31/1975,Lebanese Pound,LCU,3/1/1975,2.24E+00,http://linked.aub.edu.lb/CODEC/Lebanon/observation/exchange-rates-Lebanon-Local+currency+units+per+USD-March-1975,https://data.humdata.org/dataset/faostat-food-prices-for-lebanon,March,Food and Agriculture Organization,1975,Local currency units per USD,http://linked.aub.edu.lb/CODEC/Lebanon/Dataset/exchange-rates-Lebanon
http://dbpedia.org/resource/Lebanon,3/31/1976,Lebanese Pound,LCU,3/1/1976,2.52E+00,http://linked.aub.edu.lb/CODEC/Lebanon/observation/exchange-rates-Lebanon-Local+currency+units+per+USD-March-1976,https://data.humdata.org/dataset/faostat-food-prices-for-lebanon,March,Food and Agriculture Organization,1976,Local currency units per USD,http://linked.aub.edu.lb/CODEC/Lebanon/Dataset/exchange-rates-Lebanon
http://dbpedia.org/resource/Lebanon,3/31/1977,Lebanese Pound,LCU,3/1/1977,3.04E+00,http://linked.aub.edu.lb/CODEC/Lebanon/observation/exchange-rates-Lebanon-Local+currency+units+per+USD-March-1977,https://data.humdata.org/dataset/faostat-food-prices-for-lebanon,March,Food and Agriculture Organization,1977,Local currency units per USD,http://linked.aub.edu.lb/CODEC/Lebanon/Dataset/exchange-rates-Lebanon
http://dbpedia.org/resource/Lebanon,3/31/1978,Lebanese Pound,LCU,3/1/1978,2.94E+00,http://linked.aub.edu.lb/CODEC/Lebanon/observation/exchange-rates-Lebanon-Local+currency+units+per+USD-March-1978,https://data.humdata.org/dataset/faostat-food-prices-for-lebanon,March,Food and Agriculture Organization,1978,Local currency units per USD,http://linked.aub.edu.lb/CODEC/Lebanon/Dataset/exchange-rates-Lebanon
http://dbpedia.org/resource/Lebanon,3/31/1979,Lebanese Pound,LCU,3/1/1979,3.14E+00,http://linked.aub.edu.lb/CODEC/Lebanon/observation/exchange-rates-Lebanon-Local+currency+units+per+USD-March-1979,https://data.humdata.org/dataset/faostat-food-prices-for-lebanon,March,Food and Agriculture Organization,1979,Local currency units per USD,http://linked.aub.edu.lb/CODEC/Lebanon/Dataset/exchange-rates-Lebanon
http://dbpedia.org/resource/Lebanon,3/31/1980,Lebanese Pound,LCU,3/1/1980,3.39E+00,http://linked.aub.edu.lb/CODEC/Lebanon/observation/exchange-rates-Lebanon-Local+currency+units+per+USD-March-1980,https://data.humdata.org/dataset/faostat-food-prices-for-lebanon,March,Food and Agriculture Organization,1980,Local currency units per USD,http://linked.aub.edu.lb/CODEC/Lebanon/Dataset/exchange-rates-Lebanon
http://dbpedia.org/resource/Lebanon,3/31/1981,Lebanese Pound,LCU,3/1/1981,4.00E+00,http://linked.aub.edu.lb/CODEC/Lebanon/observation/exchange-rates-Lebanon-Local+currency+units+per+USD-March-1981,https://data.humdata.org/dataset/faostat-food-prices-for-lebanon,March,Food and Agriculture Organization,1981,Local currency units per USD,http://linked.aub.edu.lb/CODEC/Lebanon/Dataset/exchange-rates-Lebanon
http://dbpedia.org/resource/Lebanon,3/31/1982,Lebanese Pound,LCU,3/1/1982,4.85E+00,http://linked.aub.edu.lb/CODEC/Lebanon/observation/exchange-rates-Lebanon-Local+currency+units+per+USD-March-1982,https://data.humdata.org/dataset/faostat-food-prices-for-lebanon,March,Food and Agriculture Organization,1982,Local currency units per USD,http://linked.aub.edu.lb/CODEC/Lebanon/Dataset/exchange-rates-Lebanon
http://dbpedia.org/resource/Lebanon,3/31/1983,Lebanese Pound,LCU,3/1/1983,4.17E+00,http://linked.aub.edu.lb/CODEC/Lebanon/observation/exchange-rates-Lebanon-Local+currency+units+per+USD-March-1983,https://data.humdata.org/dataset/faostat-food-prices-for-lebanon,March,Food and Agriculture Organization,1983,Local currency units per USD,http://linked.aub.edu.lb/CODEC/Lebanon/Dataset/exchange-rates-Lebanon
http://dbpedia.org/resource/Lebanon,3/31/1984,Lebanese Pound,LCU,3/1/1984,5.54E+00,http://linked.aub.edu.lb/CODEC/Lebanon/observation/exchange-rates-Lebanon-Local+currency+units+per+USD-March-1984,https://data.humdata.org/dataset/faostat-food-prices-for-lebanon,March,Food and Agriculture Organization,1984,Local currency units per USD,http://linked.aub.edu.lb/CODEC/Lebanon/Dataset/exchange-rates-Lebanon
http://dbpedia.org/resource/Lebanon,3/31/1985,Lebanese Pound,LCU,3/1/1985,1.77E+01,http://linked.aub.edu.lb/CODEC/Lebanon/observation/exchange-rates-Lebanon-Local+currency+units+per+USD-March-1985,https://data.humdata.org/dataset/faostat-food-prices-for-lebanon,March,Food and Agriculture Organization,1985,Local currency units per USD,http://linked.aub.edu.lb/CODEC/Lebanon/Dataset/exchange-rates-Lebanon
http://dbpedia.org/resource/Lebanon,3/31/1986,Lebanese Pound,LCU,3/1/1986,1.97E+01,http://linked.aub.edu.lb/CODEC/Lebanon/observation/exchange-rates-Lebanon-Local+currency+units+per+USD-March-1986,https://data.humdata.org/dataset/faostat-food-prices-for-lebanon,March,Food and Agriculture Organization,1986,Local currency units per USD,http://linked.aub.edu.lb/CODEC/Lebanon/Dataset/exchange-rates-Lebanon
http://dbpedia.org/resource/Lebanon,3/31/1987,Lebanese Pound,LCU,3/1/1987,1.06E+02,http://linked.aub.edu.lb/CODEC/Lebanon/observation/exchange-rates-Lebanon-Local+currency+units+per+USD-March-1987,https://data.humdata.org/dataset/faostat-food-prices-for-lebanon,March,Food and Agriculture Organization,1987,Local currency units per USD,http://linked.aub.edu.lb/CODEC/Lebanon/Dataset/exchange-rates-Lebanon
http://dbpedia.org/resource/Lebanon,3/31/1988,Lebanese Pound,LCU,3/1/1988,3.66E+02,http://linked.aub.edu.lb/CODEC/Lebanon/observation/exchange-rates-Lebanon-Local+currency+units+per+USD-March-1988,https://data.humdata.org/dataset/faostat-food-prices-for-lebanon,March,Food and Agriculture Organization,1988,Local currency units per USD,http://linked.aub.edu.lb/CODEC/Lebanon/Dataset/exchange-rates-Lebanon
http://dbpedia.org/resource/Lebanon,3/31/1989,Lebanese Pound,LCU,3/1/1989,4.76E+02,http://linked.aub.edu.lb/CODEC/Lebanon/observation/exchange-rates-Lebanon-Local+currency+units+per+USD-March-1989,https://data.humdata.org/dataset/faostat-food-prices-for-lebanon,March,Food and Agriculture Organization,1989,Local currency units per USD,http://linked.aub.edu.lb/CODEC/Lebanon/Dataset/exchange-rates-Lebanon
http://dbpedia.org/resource/Lebanon,3/31/1990,Lebanese Pound,LCU,3/1/1990,5.59E+02,http://linked.aub.edu.lb/CODEC/Lebanon/observation/exchange-rates-Lebanon-Local+currency+units+per+USD-March-1990,https://data.humdata.org/dataset/faostat-food-prices-for-lebanon,March,Food and Agriculture Organization,1990,Local currency units per USD,http://linked.aub.edu.lb/CODEC/Lebanon/Dataset/exchange-rates-Lebanon
http://dbpedia.org/resource/Lebanon,3/31/1991,Lebanese Pound,LCU,3/1/1991,9.80E+02,http://linked.aub.edu.lb/CODEC/Lebanon/observation/exchange-rates-Lebanon-Local+currency+units+per+USD-March-1991,https://data.humdata.org/dataset/faostat-food-prices-for-lebanon,March,Food and Agriculture Organization,1991,Local currency units per USD,http://linked.aub.edu.lb/CODEC/Lebanon/Dataset/exchange-rates-Lebanon
http://dbpedia.org/resource/Lebanon,3/31/1992,Lebanese Pound,LCU,3/1/1992,1.18E+03,http://linked.aub.edu.lb/CODEC/Lebanon/observation/exchange-rates-Lebanon-Local+currency+units+per+USD-March-1992,https://data.humdata.org/dataset/faostat-food-prices-for-lebanon,March,Food and Agriculture Organization,1992,Local currency units per USD,http://linked.aub.edu.lb/CODEC/Lebanon/Dataset/exchange-rates-Lebanon
http://dbpedia.org/resource/Lebanon,3/31/1993,Lebanese Pound,LCU,3/1/1993,1.75E+03,http://linked.aub.edu.lb/CODEC/Lebanon/observation/exchange-rates-Lebanon-Local+currency+units+per+USD-March-1993,https://data.humdata.org/dataset/faostat-food-prices-for-lebanon,March,Food and Agriculture Organization,1993,Local currency units per USD,http://linked.aub.edu.lb/CODEC/Lebanon/Dataset/exchange-rates-Lebanon
http://dbpedia.org/resource/Lebanon,3/31/1994,Lebanese Pound,LCU,3/1/1994,1.70E+03,http://linked.aub.edu.lb/CODEC/Lebanon/observation/exchange-rates-Lebanon-Local+currency+units+per+USD-March-1994,https://data.humdata.org/dataset/faostat-food-prices-for-lebanon,March,Food and Agriculture Organization,1994,Local currency units per USD,http://linked.aub.edu.lb/CODEC/Lebanon/Dataset/exchange-rates-Lebanon
http://dbpedia.org/resource/Lebanon,3/31/1995,Lebanese Pound,LCU,3/1/1995,1.64E+03,http://linked.aub.edu.lb/CODEC/Lebanon/observation/exchange-rates-Lebanon-Local+currency+units+per+USD-March-1995,https://data.humdata.org/dataset/faostat-food-prices-for-lebanon,March,Food and Agriculture Organization,1995,Local currency units per USD,http://linked.aub.edu.lb/CODEC/Lebanon/Dataset/exchange-rates-Lebanon
http://dbpedia.org/resource/Lebanon,3/31/1996,Lebanese Pound,LCU,3/1/1996,1.59E+03,http://linked.aub.edu.lb/CODEC/Lebanon/observation/exchange-rates-Lebanon-Local+currency+units+per+USD-March-1996,https://data.humdata.org/dataset/faostat-food-prices-for-lebanon,March,Food and Agriculture Organization,1996,Local currency units per USD,http://linked.aub.edu.lb/CODEC/Lebanon/Dataset/exchange-rates-Lebanon
http://dbpedia.org/resource/Lebanon,3/31/1997,Lebanese Pound,LCU,3/1/1997,1.55E+03,http://linked.aub.edu.lb/CODEC/Lebanon/observation/exchange-rates-Lebanon-Local+currency+units+per+USD-March-1997,https://data.humdata.org/dataset/faostat-food-prices-for-lebanon,March,Food and Agriculture Organization,1997,Local currency units per USD,http://linked.aub.edu.lb/CODEC/Lebanon/Dataset/exchange-rates-Lebanon
http://dbpedia.org/resource/Lebanon,3/31/1998,Lebanese Pound,LCU,3/1/1998,1.52E+03,http://linked.aub.edu.lb/CODEC/Lebanon/observation/exchange-rates-Lebanon-Local+currency+units+per+USD-March-1998,https://data.humdata.org/dataset/faostat-food-prices-for-lebanon,March,Food and Agriculture Organization,1998,Local currency units per USD,http://linked.aub.edu.lb/CODEC/Lebanon/Dataset/exchange-rates-Lebanon
http://dbpedia.org/resource/Lebanon,3/31/1999,Lebanese Pound,LCU,3/1/1999,1.51E+03,http://linked.aub.edu.lb/CODEC/Lebanon/observation/exchange-rates-Lebanon-Local+currency+units+per+USD-March-1999,https://data.humdata.org/dataset/faostat-food-prices-for-lebanon,March,Food and Agriculture Organization,1999,Local currency units per USD,http://linked.aub.edu.lb/CODEC/Lebanon/Dataset/exchange-rates-Lebanon
http://dbpedia.org/resource/Lebanon,3/31/2000,Lebanese Pound,LCU,3/1/2000,1.51E+03,http://linked.aub.edu.lb/CODEC/Lebanon/observation/exchange-rates-Lebanon-Local+currency+units+per+USD-March-2000,https://data.humdata.org/dataset/faostat-food-prices-for-lebanon,March,Food and Agriculture Organization,2000,Local currency units per USD,http://linked.aub.edu.lb/CODEC/Lebanon/Dataset/exchange-rates-Lebanon
http://dbpedia.org/resource/Lebanon,3/31/2001,Lebanese Pound,LCU,3/1/2001,1.51E+03,http://linked.aub.edu.lb/CODEC/Lebanon/observation/exchange-rates-Lebanon-Local+currency+units+per+USD-March-2001,https://data.humdata.org/dataset/faostat-food-prices-for-lebanon,March,Food and Agriculture Organization,2001,Local currency units per USD,http://linked.aub.edu.lb/CODEC/Lebanon/Dataset/exchange-rates-Lebanon
http://dbpedia.org/resource/Lebanon,3/31/2002,Lebanese Pound,LCU,3/1/2002,1.51E+03,http://linked.aub.edu.lb/CODEC/Lebanon/observation/exchange-rates-Lebanon-Local+currency+units+per+USD-March-2002,https://data.humdata.org/dataset/faostat-food-prices-for-lebanon,March,Food and Agriculture Organization,2002,Local currency units per USD,http://linked.aub.edu.lb/CODEC/Lebanon/Dataset/exchange-rates-Lebanon
http://dbpedia.org/resource/Lebanon,3/31/2003,Lebanese Pound,LCU,3/1/2003,1.51E+03,http://linked.aub.edu.lb/CODEC/Lebanon/observation/exchange-rates-Lebanon-Local+currency+units+per+USD-March-2003,https://data.humdata.org/dataset/faostat-food-prices-for-lebanon,March,Food and Agriculture Organization,2003,Local currency units per USD,http://linked.aub.edu.lb/CODEC/Lebanon/Dataset/exchange-rates-Lebanon
http://dbpedia.org/resource/Lebanon,3/31/2004,Lebanese Pound,LCU,3/1/2004,1.51E+03,http://linked.aub.edu.lb/CODEC/Lebanon/observation/exchange-rates-Lebanon-Local+currency+units+per+USD-March-2004,https://data.humdata.org/dataset/faostat-food-prices-for-lebanon,March,Food and Agriculture Organization,2004,Local currency units per USD,http://linked.aub.edu.lb/CODEC/Lebanon/Dataset/exchange-rates-Lebanon
http://dbpedia.org/resource/Lebanon,3/31/2005,Lebanese Pound,LCU,3/1/2005,1.51E+03,http://linked.aub.edu.lb/CODEC/Lebanon/observation/exchange-rates-Lebanon-Local+currency+units+per+USD-March-2005,https://data.humdata.org/dataset/faostat-food-prices-for-lebanon,March,Food and Agriculture Organization,2005,Local currency units per USD,http://linked.aub.edu.lb/CODEC/Lebanon/Dataset/exchange-rates-Lebanon
http://dbpedia.org/resource/Lebanon,3/31/2006,Lebanese Pound,LCU,3/1/2006,1.51E+03,http://linked.aub.edu.lb/CODEC/Lebanon/observation/exchange-rates-Lebanon-Local+currency+units+per+USD-March-2006,https://data.humdata.org/dataset/faostat-food-prices-for-lebanon,March,Food and Agriculture Organization,2006,Local currency units per USD,http://linked.aub.edu.lb/CODEC/Lebanon/Dataset/exchange-rates-Lebanon
http://dbpedia.org/resource/Lebanon,3/31/2007,Lebanese Pound,LCU,3/1/2007,1.51E+03,http://linked.aub.edu.lb/CODEC/Lebanon/observation/exchange-rates-Lebanon-Local+currency+units+per+USD-March-2007,https://data.humdata.org/dataset/faostat-food-prices-for-lebanon,March,Food and Agriculture Organization,2007,Local currency units per USD,http://linked.aub.edu.lb/CODEC/Lebanon/Dataset/exchange-rates-Lebanon
http://dbpedia.org/resource/Lebanon,3/31/2008,Lebanese Pound,LCU,3/1/2008,1.51E+03,http://linked.aub.edu.lb/CODEC/Lebanon/observation/exchange-rates-Lebanon-Local+currency+units+per+USD-March-2008,https://data.humdata.org/dataset/faostat-food-prices-for-lebanon,March,Food and Agriculture Organization,2008,Local currency units per USD,http://linked.aub.edu.lb/CODEC/Lebanon/Dataset/exchange-rates-Lebanon
http://dbpedia.org/resource/Lebanon,3/31/2009,Lebanese Pound,LCU,3/1/2009,1.51E+03,http://linked.aub.edu.lb/CODEC/Lebanon/observation/exchange-rates-Lebanon-Local+currency+units+per+USD-March-2009,https://data.humdata.org/dataset/faostat-food-prices-for-lebanon,March,Food and Agriculture Organization,2009,Local currency units per USD,http://linked.aub.edu.lb/CODEC/Lebanon/Dataset/exchange-rates-Lebanon
http://dbpedia.org/resource/Lebanon,3/31/2010,Lebanese Pound,LCU,3/1/2010,1.51E+03,http://linked.aub.edu.lb/CODEC/Lebanon/observation/exchange-rates-Lebanon-Local+currency+units+per+USD-March-2010,https://data.humdata.org/dataset/faostat-food-prices-for-lebanon,March,Food and Agriculture Organization,2010,Local currency units per USD,http://linked.aub.edu.lb/CODEC/Lebanon/Dataset/exchange-rates-Lebanon
http://dbpedia.org/resource/Lebanon,3/31/2011,Lebanese Pound,LCU,3/1/2011,1.51E+03,http://linked.aub.edu.lb/CODEC/Lebanon/observation/exchange-rates-Lebanon-Local+currency+units+per+USD-March-2011,https://data.humdata.org/dataset/faostat-food-prices-for-lebanon,March,Food and Agriculture Organization,2011,Local currency units per USD,http://linked.aub.edu.lb/CODEC/Lebanon/Dataset/exchange-rates-Lebanon
http://dbpedia.org/resource/Lebanon,3/31/2012,Lebanese Pound,LCU,3/1/2012,1.51E+03,http://linked.aub.edu.lb/CODEC/Lebanon/observation/exchange-rates-Lebanon-Local+currency+units+per+USD-March-2012,https://data.humdata.org/dataset/faostat-food-prices-for-lebanon,March,Food and Agriculture Organization,2012,Local currency units per USD,http://linked.aub.edu.lb/CODEC/Lebanon/Dataset/exchange-rates-Lebanon
http://dbpedia.org/resource/Lebanon,3/31/2013,Lebanese Pound,LCU,3/1/2013,1.51E+03,http://linked.aub.edu.lb/CODEC/Lebanon/observation/exchange-rates-Lebanon-Local+currency+units+per+USD-March-2013,https://data.humdata.org/dataset/faostat-food-prices-for-lebanon,March,Food and Agriculture Organization,2013,Local currency units per USD,http://linked.aub.edu.lb/CODEC/Lebanon/Dataset/exchange-rates-Lebanon
http://dbpedia.org/resource/Lebanon,3/31/2014,Lebanese Pound,LCU,3/1/2014,1.51E+03,http://linked.aub.edu.lb/CODEC/Lebanon/observation/exchange-rates-Lebanon-Local+currency+units+per+USD-March-2014,https://data.humdata.org/dataset/faostat-food-prices-for-lebanon,March,Food and Agriculture Organization,2014,Local currency units per USD,http://linked.aub.edu.lb/CODEC/Lebanon/Dataset/exchange-rates-Lebanon
http://dbpedia.org/resource/Lebanon,3/31/2015,Lebanese Pound,LCU,3/1/2015,1.51E+03,http://linked.aub.edu.lb/CODEC/Lebanon/observation/exchange-rates-Lebanon-Local+currency+units+per+USD-March-2015,https://data.humdata.org/dataset/faostat-food-prices-for-lebanon,March,Food and Agriculture Organization,2015,Local currency units per USD,http://linked.aub.edu.lb/CODEC/Lebanon/Dataset/exchange-rates-Lebanon
http://dbpedia.org/resource/Lebanon,3/31/2016,Lebanese Pound,LCU,3/1/2016,1.51E+03,http://linked.aub.edu.lb/CODEC/Lebanon/observation/exchange-rates-Lebanon-Local+currency+units+per+USD-March-2016,https://data.humdata.org/dataset/faostat-food-prices-for-lebanon,March,Food and Agriculture Organization,2016,Local currency units per USD,http://linked.aub.edu.lb/CODEC/Lebanon/Dataset/exchange-rates-Lebanon
http://dbpedia.org/resource/Lebanon,3/31/2017,Lebanese Pound,LCU,3/1/2017,1.51E+03,http://linked.aub.edu.lb/CODEC/Lebanon/observation/exchange-rates-Lebanon-Local+currency+units+per+USD-March-2017,https://data.humdata.org/dataset/faostat-food-prices-for-lebanon,March,Food and Agriculture Organization,2017,Local currency units per USD,http://linked.aub.edu.lb/CODEC/Lebanon/Dataset/exchange-rates-Lebanon
http://dbpedia.org/resource/Lebanon,3/31/2018,Lebanese Pound,LCU,3/1/2018,1.51E+03,http://linked.aub.edu.lb/CODEC/Lebanon/observation/exchange-rates-Lebanon-Local+currency+units+per+USD-March-2018,https://data.humdata.org/dataset/faostat-food-prices-for-lebanon,March,Food and Agriculture Organization,2018,Local currency units per USD,http://linked.aub.edu.lb/CODEC/Lebanon/Dataset/exchange-rates-Lebanon
http://dbpedia.org/resource/Lebanon,3/31/2019,Lebanese Pound,LCU,3/1/2019,1.51E+03,http://linked.aub.edu.lb/CODEC/Lebanon/observation/exchange-rates-Lebanon-Local+currency+units+per+USD-March-2019,https://data.humdata.org/dataset/faostat-food-prices-for-lebanon,March,Food and Agriculture Organization,2019,Local currency units per USD,http://linked.aub.edu.lb/CODEC/Lebanon/Dataset/exchange-rates-Lebanon
http://dbpedia.org/resource/Lebanon,3/31/2020,Lebanese Pound,LCU,3/1/2020,1.51E+03,http://linked.aub.edu.lb/CODEC/Lebanon/observation/exchange-rates-Lebanon-Local+currency+units+per+USD-March-2020,https://data.humdata.org/dataset/faostat-food-prices-for-lebanon,March,Food and Agriculture Organization,2020,Local currency units per USD,http://linked.aub.edu.lb/CODEC/Lebanon/Dataset/exchange-rates-Lebanon
http://dbpedia.org/resource/Lebanon,3/31/2021,Lebanese Pound,LCU,3/1/2021,1.51E+03,http://linked.aub.edu.lb/CODEC/Lebanon/observation/exchange-rates-Lebanon-Local+currency+units+per+USD-March-2021,https://data.humdata.org/dataset/faostat-food-prices-for-lebanon,March,Food and Agriculture Organization,2021,Local currency units per USD,http://linked.aub.edu.lb/CODEC/Lebanon/Dataset/exchange-rates-Lebanon
http://dbpedia.org/resource/Lebanon,3/31/2022,Lebanese Pound,LCU,3/1/2022,1.51E+03,http://linked.aub.edu.lb/CODEC/Lebanon/observation/exchange-rates-Lebanon-Local+currency+units+per+USD-March-2022,https://data.humdata.org/dataset/faostat-food-prices-for-lebanon,March,Food and Agriculture Organization,2022,Local currency units per USD,http://linked.aub.edu.lb/CODEC/Lebanon/Dataset/exchange-rates-Lebanon
http://dbpedia.org/resource/Lebanon,3/31/2023,Lebanese Pound,LCU,3/1/2023,1.50E+04,http://linked.aub.edu.lb/CODEC/Lebanon/observation/exchange-rates-Lebanon-Local+currency+units+per+USD-March-2023,https://data.humdata.org/dataset/faostat-food-prices-for-lebanon,March,Food and Agriculture Organization,2023,Local currency units per USD,http://linked.aub.edu.lb/CODEC/Lebanon/Dataset/exchange-rates-Lebanon
http://dbpedia.org/resource/Lebanon,5/31/1970,Lebanese Pound,LCU,5/1/1970,3.27E+00,http://linked.aub.edu.lb/CODEC/Lebanon/observation/exchange-rates-Lebanon-Local+currency+units+per+USD-May-1970,https://data.humdata.org/dataset/faostat-food-prices-for-lebanon,May,Food and Agriculture Organization,1970,Local currency units per USD,http://linked.aub.edu.lb/CODEC/Lebanon/Dataset/exchange-rates-Lebanon
http://dbpedia.org/resource/Lebanon,5/31/1971,Lebanese Pound,LCU,5/1/1971,3.26E+00,http://linked.aub.edu.lb/CODEC/Lebanon/observation/exchange-rates-Lebanon-Local+currency+units+per+USD-May-1971,https://data.humdata.org/dataset/faostat-food-prices-for-lebanon,May,Food and Agriculture Organization,1971,Local currency units per USD,http://linked.aub.edu.lb/CODEC/Lebanon/Dataset/exchange-rates-Lebanon
http://dbpedia.org/resource/Lebanon,5/31/1972,Lebanese Pound,LCU,5/1/1972,3.06E+00,http://linked.aub.edu.lb/CODEC/Lebanon/observation/exchange-rates-Lebanon-Local+currency+units+per+USD-May-1972,https://data.humdata.org/dataset/faostat-food-prices-for-lebanon,May,Food and Agriculture Organization,1972,Local currency units per USD,http://linked.aub.edu.lb/CODEC/Lebanon/Dataset/exchange-rates-Lebanon
http://dbpedia.org/resource/Lebanon,5/31/1973,Lebanese Pound,LCU,5/1/1973,2.55E+00,http://linked.aub.edu.lb/CODEC/Lebanon/observation/exchange-rates-Lebanon-Local+currency+units+per+USD-May-1973,https://data.humdata.org/dataset/faostat-food-prices-for-lebanon,May,Food and Agriculture Organization,1973,Local currency units per USD,http://linked.aub.edu.lb/CODEC/Lebanon/Dataset/exchange-rates-Lebanon
http://dbpedia.org/resource/Lebanon,5/31/1974,Lebanese Pound,LCU,5/1/1974,2.32E+00,http://linked.aub.edu.lb/CODEC/Lebanon/observation/exchange-rates-Lebanon-Local+currency+units+per+USD-May-1974,https://data.humdata.org/dataset/faostat-food-prices-for-lebanon,May,Food and Agriculture Organization,1974,Local currency units per USD,http://linked.aub.edu.lb/CODEC/Lebanon/Dataset/exchange-rates-Lebanon
http://dbpedia.org/resource/Lebanon,5/31/1975,Lebanese Pound,LCU,5/1/1975,2.23E+00,http://linked.aub.edu.lb/CODEC/Lebanon/observation/exchange-rates-Lebanon-Local+currency+units+per+USD-May-1975,https://data.humdata.org/dataset/faostat-food-prices-for-lebanon,May,Food and Agriculture Organization,1975,Local currency units per USD,http://linked.aub.edu.lb/CODEC/Lebanon/Dataset/exchange-rates-Lebanon
http://dbpedia.org/resource/Lebanon,5/31/1976,Lebanese Pound,LCU,5/1/1976,2.78E+00,http://linked.aub.edu.lb/CODEC/Lebanon/observation/exchange-rates-Lebanon-Local+currency+units+per+USD-May-1976,https://data.humdata.org/dataset/faostat-food-prices-for-lebanon,May,Food and Agriculture Organization,1976,Local currency units per USD,http://linked.aub.edu.lb/CODEC/Lebanon/Dataset/exchange-rates-Lebanon
http://dbpedia.org/resource/Lebanon,5/31/1977,Lebanese Pound,LCU,5/1/1977,3.06E+00,http://linked.aub.edu.lb/CODEC/Lebanon/observation/exchange-rates-Lebanon-Local+currency+units+per+USD-May-1977,https://data.humdata.org/dataset/faostat-food-prices-for-lebanon,May,Food and Agriculture Organization,1977,Local currency units per USD,http://linked.aub.edu.lb/CODEC/Lebanon/Dataset/exchange-rates-Lebanon
http://dbpedia.org/resource/Lebanon,5/31/1978,Lebanese Pound,LCU,5/1/1978,2.93E+00,http://linked.aub.edu.lb/CODEC/Lebanon/observation/exchange-rates-Lebanon-Local+currency+units+per+USD-May-1978,https://data.humdata.org/dataset/faostat-food-prices-for-lebanon,May,Food and Agriculture Organization,1978,Local currency units per USD,http://linked.aub.edu.lb/CODEC/Lebanon/Dataset/exchange-rates-Lebanon
http://dbpedia.org/resource/Lebanon,5/31/1979,Lebanese Pound,LCU,5/1/1979,3.25E+00,http://linked.aub.edu.lb/CODEC/Lebanon/observation/exchange-rates-Lebanon-Local+currency+units+per+USD-May-1979,https://data.humdata.org/dataset/faostat-food-prices-for-lebanon,May,Food and Agriculture Organization,1979,Local currency units per USD,http://linked.aub.edu.lb/CODEC/Lebanon/Dataset/exchange-rates-Lebanon
http://dbpedia.org/resource/Lebanon,5/31/1980,Lebanese Pound,LCU,5/1/1980,3.42E+00,http://linked.aub.edu.lb/CODEC/Lebanon/observation/exchange-rates-Lebanon-Local+currency+units+per+USD-May-1980,https://data.humdata.org/dataset/faostat-food-prices-for-lebanon,May,Food and Agriculture Organization,1980,Local currency units per USD,http://linked.aub.edu.lb/CODEC/Lebanon/Dataset/exchange-rates-Lebanon
http://dbpedia.org/resource/Lebanon,5/31/1981,Lebanese Pound,LCU,5/1/1981,4.21E+00,http://linked.aub.edu.lb/CODEC/Lebanon/observation/exchange-rates-Lebanon-Local+currency+units+per+USD-May-1981,https://data.humdata.org/dataset/faostat-food-prices-for-lebanon,May,Food and Agriculture Organization,1981,Local currency units per USD,http://linked.aub.edu.lb/CODEC/Lebanon/Dataset/exchange-rates-Lebanon
http://dbpedia.org/resource/Lebanon,5/31/1982,Lebanese Pound,LCU,5/1/1982,4.96E+00,http://linked.aub.edu.lb/CODEC/Lebanon/observation/exchange-rates-Lebanon-Local+currency+units+per+USD-May-1982,https://data.humdata.org/dataset/faostat-food-prices-for-lebanon,May,Food and Agriculture Organization,1982,Local currency units per USD,http://linked.aub.edu.lb/CODEC/Lebanon/Dataset/exchange-rates-Lebanon
http://dbpedia.org/resource/Lebanon,5/31/1983,Lebanese Pound,LCU,5/1/1983,4.19E+00,http://linked.aub.edu.lb/CODEC/Lebanon/observation/exchange-rates-Lebanon-Local+currency+units+per+USD-May-1983,https://data.humdata.org/dataset/faostat-food-prices-for-lebanon,May,Food and Agriculture Organization,1983,Local currency units per USD,http://linked.aub.edu.lb/CODEC/Lebanon/Dataset/exchange-rates-Lebanon
http://dbpedia.org/resource/Lebanon,5/31/1984,Lebanese Pound,LCU,5/1/1984,5.81E+00,http://linked.aub.edu.lb/CODEC/Lebanon/observation/exchange-rates-Lebanon-Local+currency+units+per+USD-May-1984,https://data.humdata.org/dataset/faostat-food-prices-for-lebanon,May,Food and Agriculture Organization,1984,Local currency units per USD,http://linked.aub.edu.lb/CODEC/Lebanon/Dataset/exchange-rates-Lebanon
http://dbpedia.org/resource/Lebanon,5/31/1985,Lebanese Pound,LCU,5/1/1985,1.65E+01,http://linked.aub.edu.lb/CODEC/Lebanon/observation/exchange-rates-Lebanon-Local+currency+units+per+USD-May-1985,https://data.humdata.org/dataset/faostat-food-prices-for-lebanon,May,Food and Agriculture Organization,1985,Local currency units per USD,http://linked.aub.edu.lb/CODEC/Lebanon/Dataset/exchange-rates-Lebanon
http://dbpedia.org/resource/Lebanon,5/31/1986,Lebanese Pound,LCU,5/1/1986,2.84E+01,http://linked.aub.edu.lb/CODEC/Lebanon/observation/exchange-rates-Lebanon-Local+currency+units+per+USD-May-1986,https://data.humdata.org/dataset/faostat-food-prices-for-lebanon,May,Food and Agriculture Organization,1986,Local currency units per USD,http://linked.aub.edu.lb/CODEC/Lebanon/Dataset/exchange-rates-Lebanon
http://dbpedia.org/resource/Lebanon,5/31/1987,Lebanese Pound,LCU,5/1/1987,1.19E+02,http://linked.aub.edu.lb/CODEC/Lebanon/observation/exchange-rates-Lebanon-Local+currency+units+per+USD-May-1987,https://data.humdata.org/dataset/faostat-food-prices-for-lebanon,May,Food and Agriculture Organization,1987,Local currency units per USD,http://linked.aub.edu.lb/CODEC/Lebanon/Dataset/exchange-rates-Lebanon
http://dbpedia.org/resource/Lebanon,5/31/1988,Lebanese Pound,LCU,5/1/1988,3.70E+02,http://linked.aub.edu.lb/CODEC/Lebanon/observation/exchange-rates-Lebanon-Local+currency+units+per+USD-May-1988,https://data.humdata.org/dataset/faostat-food-prices-for-lebanon,May,Food and Agriculture Organization,1988,Local currency units per USD,http://linked.aub.edu.lb/CODEC/Lebanon/Dataset/exchange-rates-Lebanon
http://dbpedia.org/resource/Lebanon,5/31/1989,Lebanese Pound,LCU,5/1/1989,5.06E+02,http://linked.aub.edu.lb/CODEC/Lebanon/observation/exchange-rates-Lebanon-Local+currency+units+per+USD-May-1989,https://data.humdata.org/dataset/faostat-food-prices-for-lebanon,May,Food and Agriculture Organization,1989,Local currency units per USD,http://linked.aub.edu.lb/CODEC/Lebanon/Dataset/exchange-rates-Lebanon
http://dbpedia.org/resource/Lebanon,5/31/1990,Lebanese Pound,LCU,5/1/1990,6.35E+02,http://linked.aub.edu.lb/CODEC/Lebanon/observation/exchange-rates-Lebanon-Local+currency+units+per+USD-May-1990,https://data.humdata.org/dataset/faostat-food-prices-for-lebanon,May,Food and Agriculture Organization,1990,Local currency units per USD,http://linked.aub.edu.lb/CODEC/Lebanon/Dataset/exchange-rates-Lebanon
http://dbpedia.org/resource/Lebanon,5/31/1991,Lebanese Pound,LCU,5/1/1991,9.22E+02,http://linked.aub.edu.lb/CODEC/Lebanon/observation/exchange-rates-Lebanon-Local+currency+units+per+USD-May-1991,https://data.humdata.org/dataset/faostat-food-prices-for-lebanon,May,Food and Agriculture Organization,1991,Local currency units per USD,http://linked.aub.edu.lb/CODEC/Lebanon/Dataset/exchange-rates-Lebanon
http://dbpedia.org/resource/Lebanon,5/31/1992,Lebanese Pound,LCU,5/1/1992,1.62E+03,http://linked.aub.edu.lb/CODEC/Lebanon/observation/exchange-rates-Lebanon-Local+currency+units+per+USD-May-1992,https://data.humdata.org/dataset/faostat-food-prices-for-lebanon,May,Food and Agriculture Organization,1992,Local currency units per USD,http://linked.aub.edu.lb/CODEC/Lebanon/Dataset/exchange-rates-Lebanon
http://dbpedia.org/resource/Lebanon,5/31/1993,Lebanese Pound,LCU,5/1/1993,1.73E+03,http://linked.aub.edu.lb/CODEC/Lebanon/observation/exchange-rates-Lebanon-Local+currency+units+per+USD-May-1993,https://data.humdata.org/dataset/faostat-food-prices-for-lebanon,May,Food and Agriculture Organization,1993,Local currency units per USD,http://linked.aub.edu.lb/CODEC/Lebanon/Dataset/exchange-rates-Lebanon
http://dbpedia.org/resource/Lebanon,5/31/1994,Lebanese Pound,LCU,5/1/1994,1.69E+03,http://linked.aub.edu.lb/CODEC/Lebanon/observation/exchange-rates-Lebanon-Local+currency+units+per+USD-May-1994,https://data.humdata.org/dataset/faostat-food-prices-for-lebanon,May,Food and Agriculture Organization,1994,Local currency units per USD,http://linked.aub.edu.lb/CODEC/Lebanon/Dataset/exchange-rates-Lebanon
http://dbpedia.org/resource/Lebanon,5/31/1995,Lebanese Pound,LCU,5/1/1995,1.63E+03,http://linked.aub.edu.lb/CODEC/Lebanon/observation/exchange-rates-Lebanon-Local+currency+units+per+USD-May-1995,https://data.humdata.org/dataset/faostat-food-prices-for-lebanon,May,Food and Agriculture Organization,1995,Local currency units per USD,http://linked.aub.edu.lb/CODEC/Lebanon/Dataset/exchange-rates-Lebanon
http://dbpedia.org/resource/Lebanon,5/31/1996,Lebanese Pound,LCU,5/1/1996,1.58E+03,http://linked.aub.edu.lb/CODEC/Lebanon/observation/exchange-rates-Lebanon-Local+currency+units+per+USD-May-1996,https://data.humdata.org/dataset/faostat-food-prices-for-lebanon,May,Food and Agriculture Organization,1996,Local currency units per USD,http://linked.aub.edu.lb/CODEC/Lebanon/Dataset/exchange-rates-Lebanon
http://dbpedia.org/resource/Lebanon,5/31/1997,Lebanese Pound,LCU,5/1/1997,1.54E+03,http://linked.aub.edu.lb/CODEC/Lebanon/observation/exchange-rates-Lebanon-Local+currency+units+per+USD-May-1997,https://data.humdata.org/dataset/faostat-food-prices-for-lebanon,May,Food and Agriculture Organization,1997,Local currency units per USD,http://linked.aub.edu.lb/CODEC/Lebanon/Dataset/exchange-rates-Lebanon
http://dbpedia.org/resource/Lebanon,5/31/1998,Lebanese Pound,LCU,5/1/1998,1.52E+03,http://linked.aub.edu.lb/CODEC/Lebanon/observation/exchange-rates-Lebanon-Local+currency+units+per+USD-May-1998,https://data.humdata.org/dataset/faostat-food-prices-for-lebanon,May,Food and Agriculture Organization,1998,Local currency units per USD,http://linked.aub.edu.lb/CODEC/Lebanon/Dataset/exchange-rates-Lebanon
http://dbpedia.org/resource/Lebanon,5/31/1999,Lebanese Pound,LCU,5/1/1999,1.51E+03,http://linked.aub.edu.lb/CODEC/Lebanon/observation/exchange-rates-Lebanon-Local+currency+units+per+USD-May-1999,https://data.humdata.org/dataset/faostat-food-prices-for-lebanon,May,Food and Agriculture Organization,1999,Local currency units per USD,http://linked.aub.edu.lb/CODEC/Lebanon/Dataset/exchange-rates-Lebanon
http://dbpedia.org/resource/Lebanon,5/31/2000,Lebanese Pound,LCU,5/1/2000,1.51E+03,http://linked.aub.edu.lb/CODEC/Lebanon/observation/exchange-rates-Lebanon-Local+currency+units+per+USD-May-2000,https://data.humdata.org/dataset/faostat-food-prices-for-lebanon,May,Food and Agriculture Organization,2000,Local currency units per USD,http://linked.aub.edu.lb/CODEC/Lebanon/Dataset/exchange-rates-Lebanon
http://dbpedia.org/resource/Lebanon,5/31/2001,Lebanese Pound,LCU,5/1/2001,1.51E+03,http://linked.aub.edu.lb/CODEC/Lebanon/observation/exchange-rates-Lebanon-Local+currency+units+per+USD-May-2001,https://data.humdata.org/dataset/faostat-food-prices-for-lebanon,May,Food and Agriculture Organization,2001,Local currency units per USD,http://linked.aub.edu.lb/CODEC/Lebanon/Dataset/exchange-rates-Lebanon
http://dbpedia.org/resource/Lebanon,5/31/2002,Lebanese Pound,LCU,5/1/2002,1.51E+03,http://linked.aub.edu.lb/CODEC/Lebanon/observation/exchange-rates-Lebanon-Local+currency+units+per+USD-May-2002,https://data.humdata.org/dataset/faostat-food-prices-for-lebanon,May,Food and Agriculture Organization,2002,Local currency units per USD,http://linked.aub.edu.lb/CODEC/Lebanon/Dataset/exchange-rates-Lebanon
http://dbpedia.org/resource/Lebanon,5/31/2003,Lebanese Pound,LCU,5/1/2003,1.51E+03,http://linked.aub.edu.lb/CODEC/Lebanon/observation/exchange-rates-Lebanon-Local+currency+units+per+USD-May-2003,https://data.humdata.org/dataset/faostat-food-prices-for-lebanon,May,Food and Agriculture Organization,2003,Local currency units per USD,http://linked.aub.edu.lb/CODEC/Lebanon/Dataset/exchange-rates-Lebanon
http://dbpedia.org/resource/Lebanon,5/31/2004,Lebanese Pound,LCU,5/1/2004,1.51E+03,http://linked.aub.edu.lb/CODEC/Lebanon/observation/exchange-rates-Lebanon-Local+currency+units+per+USD-May-2004,https://data.humdata.org/dataset/faostat-food-prices-for-lebanon,May,Food and Agriculture Organization,2004,Local currency units per USD,http://linked.aub.edu.lb/CODEC/Lebanon/Dataset/exchange-rates-Lebanon
http://dbpedia.org/resource/Lebanon,5/31/2005,Lebanese Pound,LCU,5/1/2005,1.51E+03,http://linked.aub.edu.lb/CODEC/Lebanon/observation/exchange-rates-Lebanon-Local+currency+units+per+USD-May-2005,https://data.humdata.org/dataset/faostat-food-prices-for-lebanon,May,Food and Agriculture Organization,2005,Local currency units per USD,http://linked.aub.edu.lb/CODEC/Lebanon/Dataset/exchange-rates-Lebanon
http://dbpedia.org/resource/Lebanon,5/31/2006,Lebanese Pound,LCU,5/1/2006,1.51E+03,http://linked.aub.edu.lb/CODEC/Lebanon/observation/exchange-rates-Lebanon-Local+currency+units+per+USD-May-2006,https://data.humdata.org/dataset/faostat-food-prices-for-lebanon,May,Food and Agriculture Organization,2006,Local currency units per USD,http://linked.aub.edu.lb/CODEC/Lebanon/Dataset/exchange-rates-Lebanon
http://dbpedia.org/resource/Lebanon,5/31/2007,Lebanese Pound,LCU,5/1/2007,1.51E+03,http://linked.aub.edu.lb/CODEC/Lebanon/observation/exchange-rates-Lebanon-Local+currency+units+per+USD-May-2007,https://data.humdata.org/dataset/faostat-food-prices-for-lebanon,May,Food and Agriculture Organization,2007,Local currency units per USD,http://linked.aub.edu.lb/CODEC/Lebanon/Dataset/exchange-rates-Lebanon
http://dbpedia.org/resource/Lebanon,5/31/2008,Lebanese Pound,LCU,5/1/2008,1.51E+03,http://linked.aub.edu.lb/CODEC/Lebanon/observation/exchange-rates-Lebanon-Local+currency+units+per+USD-May-2008,https://data.humdata.org/dataset/faostat-food-prices-for-lebanon,May,Food and Agriculture Organization,2008,Local currency units per USD,http://linked.aub.edu.lb/CODEC/Lebanon/Dataset/exchange-rates-Lebanon
http://dbpedia.org/resource/Lebanon,5/31/2009,Lebanese Pound,LCU,5/1/2009,1.51E+03,http://linked.aub.edu.lb/CODEC/Lebanon/observation/exchange-rates-Lebanon-Local+currency+units+per+USD-May-2009,https://data.humdata.org/dataset/faostat-food-prices-for-lebanon,May,Food and Agriculture Organization,2009,Local currency units per USD,http://linked.aub.edu.lb/CODEC/Lebanon/Dataset/exchange-rates-Lebanon
http://dbpedia.org/resource/Lebanon,5/31/2010,Lebanese Pound,LCU,5/1/2010,1.51E+03,http://linked.aub.edu.lb/CODEC/Lebanon/observation/exchange-rates-Lebanon-Local+currency+units+per+USD-May-2010,https://data.humdata.org/dataset/faostat-food-prices-for-lebanon,May,Food and Agriculture Organization,2010,Local currency units per USD,http://linked.aub.edu.lb/CODEC/Lebanon/Dataset/exchange-rates-Lebanon
http://dbpedia.org/resource/Lebanon,5/31/2011,Lebanese Pound,LCU,5/1/2011,1.51E+03,http://linked.aub.edu.lb/CODEC/Lebanon/observation/exchange-rates-Lebanon-Local+currency+units+per+USD-May-2011,https://data.humdata.org/dataset/faostat-food-prices-for-lebanon,May,Food and Agriculture Organization,2011,Local currency units per USD,http://linked.aub.edu.lb/CODEC/Lebanon/Dataset/exchange-rates-Lebanon
http://dbpedia.org/resource/Lebanon,5/31/2012,Lebanese Pound,LCU,5/1/2012,1.51E+03,http://linked.aub.edu.lb/CODEC/Lebanon/observation/exchange-rates-Lebanon-Local+currency+units+per+USD-May-2012,https://data.humdata.org/dataset/faostat-food-prices-for-lebanon,May,Food and Agriculture Organization,2012,Local currency units per USD,http://linked.aub.edu.lb/CODEC/Lebanon/Dataset/exchange-rates-Lebanon
http://dbpedia.org/resource/Lebanon,5/31/2013,Lebanese Pound,LCU,5/1/2013,1.51E+03,http://linked.aub.edu.lb/CODEC/Lebanon/observation/exchange-rates-Lebanon-Local+currency+units+per+USD-May-2013,https://data.humdata.org/dataset/faostat-food-prices-for-lebanon,May,Food and Agriculture Organization,2013,Local currency units per USD,http://linked.aub.edu.lb/CODEC/Lebanon/Dataset/exchange-rates-Lebanon
http://dbpedia.org/resource/Lebanon,5/31/2014,Lebanese Pound,LCU,5/1/2014,1.51E+03,http://linked.aub.edu.lb/CODEC/Lebanon/observation/exchange-rates-Lebanon-Local+currency+units+per+USD-May-2014,https://data.humdata.org/dataset/faostat-food-prices-for-lebanon,May,Food and Agriculture Organization,2014,Local currency units per USD,http://linked.aub.edu.lb/CODEC/Lebanon/Dataset/exchange-rates-Lebanon
http://dbpedia.org/resource/Lebanon,5/31/2015,Lebanese Pound,LCU,5/1/2015,1.51E+03,http://linked.aub.edu.lb/CODEC/Lebanon/observation/exchange-rates-Lebanon-Local+currency+units+per+USD-May-2015,https://data.humdata.org/dataset/faostat-food-prices-for-lebanon,May,Food and Agriculture Organization,2015,Local currency units per USD,http://linked.aub.edu.lb/CODEC/Lebanon/Dataset/exchange-rates-Lebanon
http://dbpedia.org/resource/Lebanon,5/31/2016,Lebanese Pound,LCU,5/1/2016,1.51E+03,http://linked.aub.edu.lb/CODEC/Lebanon/observation/exchange-rates-Lebanon-Local+currency+units+per+USD-May-2016,https://data.humdata.org/dataset/faostat-food-prices-for-lebanon,May,Food and Agriculture Organization,2016,Local currency units per USD,http://linked.aub.edu.lb/CODEC/Lebanon/Dataset/exchange-rates-Lebanon
http://dbpedia.org/resource/Lebanon,5/31/2017,Lebanese Pound,LCU,5/1/2017,1.51E+03,http://linked.aub.edu.lb/CODEC/Lebanon/observation/exchange-rates-Lebanon-Local+currency+units+per+USD-May-2017,https://data.humdata.org/dataset/faostat-food-prices-for-lebanon,May,Food and Agriculture Organization,2017,Local currency units per USD,http://linked.aub.edu.lb/CODEC/Lebanon/Dataset/exchange-rates-Lebanon
http://dbpedia.org/resource/Lebanon,5/31/2018,Lebanese Pound,LCU,5/1/2018,1.51E+03,http://linked.aub.edu.lb/CODEC/Lebanon/observation/exchange-rates-Lebanon-Local+currency+units+per+USD-May-2018,https://data.humdata.org/dataset/faostat-food-prices-for-lebanon,May,Food and Agriculture Organization,2018,Local currency units per USD,http://linked.aub.edu.lb/CODEC/Lebanon/Dataset/exchange-rates-Lebanon
http://dbpedia.org/resource/Lebanon,5/31/2019,Lebanese Pound,LCU,5/1/2019,1.51E+03,http://linked.aub.edu.lb/CODEC/Lebanon/observation/exchange-rates-Lebanon-Local+currency+units+per+USD-May-2019,https://data.humdata.org/dataset/faostat-food-prices-for-lebanon,May,Food and Agriculture Organization,2019,Local currency units per USD,http://linked.aub.edu.lb/CODEC/Lebanon/Dataset/exchange-rates-Lebanon
http://dbpedia.org/resource/Lebanon,5/31/2020,Lebanese Pound,LCU,5/1/2020,1.51E+03,http://linked.aub.edu.lb/CODEC/Lebanon/observation/exchange-rates-Lebanon-Local+currency+units+per+USD-May-2020,https://data.humdata.org/dataset/faostat-food-prices-for-lebanon,May,Food and Agriculture Organization,2020,Local currency units per USD,http://linked.aub.edu.lb/CODEC/Lebanon/Dataset/exchange-rates-Lebanon
http://dbpedia.org/resource/Lebanon,5/31/2021,Lebanese Pound,LCU,5/1/2021,1.51E+03,http://linked.aub.edu.lb/CODEC/Lebanon/observation/exchange-rates-Lebanon-Local+currency+units+per+USD-May-2021,https://data.humdata.org/dataset/faostat-food-prices-for-lebanon,May,Food and Agriculture Organization,2021,Local currency units per USD,http://linked.aub.edu.lb/CODEC/Lebanon/Dataset/exchange-rates-Lebanon
http://dbpedia.org/resource/Lebanon,5/31/2022,Lebanese Pound,LCU,5/1/2022,1.51E+03,http://linked.aub.edu.lb/CODEC/Lebanon/observation/exchange-rates-Lebanon-Local+currency+units+per+USD-May-2022,https://data.humdata.org/dataset/faostat-food-prices-for-lebanon,May,Food and Agriculture Organization,2022,Local currency units per USD,http://linked.aub.edu.lb/CODEC/Lebanon/Dataset/exchange-rates-Lebanon
http://dbpedia.org/resource/Lebanon,11/30/1970,Lebanese Pound,LCU,11/1/1970,3.25E+00,http://linked.aub.edu.lb/CODEC/Lebanon/observation/exchange-rates-Lebanon-Local+currency+units+per+USD-November-1970,https://data.humdata.org/dataset/faostat-food-prices-for-lebanon,November,Food and Agriculture Organization,1970,Local currency units per USD,http://linked.aub.edu.lb/CODEC/Lebanon/Dataset/exchange-rates-Lebanon
http://dbpedia.org/resource/Lebanon,11/30/1971,Lebanese Pound,LCU,11/1/1971,3.17E+00,http://linked.aub.edu.lb/CODEC/Lebanon/observation/exchange-rates-Lebanon-Local+currency+units+per+USD-November-1971,https://data.humdata.org/dataset/faostat-food-prices-for-lebanon,November,Food and Agriculture Organization,1971,Local currency units per USD,http://linked.aub.edu.lb/CODEC/Lebanon/Dataset/exchange-rates-Lebanon
http://dbpedia.org/resource/Lebanon,11/30/1972,Lebanese Pound,LCU,11/1/1972,3.01E+00,http://linked.aub.edu.lb/CODEC/Lebanon/observation/exchange-rates-Lebanon-Local+currency+units+per+USD-November-1972,https://data.humdata.org/dataset/faostat-food-prices-for-lebanon,November,Food and Agriculture Organization,1972,Local currency units per USD,http://linked.aub.edu.lb/CODEC/Lebanon/Dataset/exchange-rates-Lebanon
http://dbpedia.org/resource/Lebanon,11/30/1973,Lebanese Pound,LCU,11/1/1973,2.55E+00,http://linked.aub.edu.lb/CODEC/Lebanon/observation/exchange-rates-Lebanon-Local+currency+units+per+USD-November-1973,https://data.humdata.org/dataset/faostat-food-prices-for-lebanon,November,Food and Agriculture Organization,1973,Local currency units per USD,http://linked.aub.edu.lb/CODEC/Lebanon/Dataset/exchange-rates-Lebanon
http://dbpedia.org/resource/Lebanon,11/30/1974,Lebanese Pound,LCU,11/1/1974,2.36E+00,http://linked.aub.edu.lb/CODEC/Lebanon/observation/exchange-rates-Lebanon-Local+currency+units+per+USD-November-1974,https://data.humdata.org/dataset/faostat-food-prices-for-lebanon,November,Food and Agriculture Organization,1974,Local currency units per USD,http://linked.aub.edu.lb/CODEC/Lebanon/Dataset/exchange-rates-Lebanon
http://dbpedia.org/resource/Lebanon,11/30/1975,Lebanese Pound,LCU,11/1/1975,2.39E+00,http://linked.aub.edu.lb/CODEC/Lebanon/observation/exchange-rates-Lebanon-Local+currency+units+per+USD-November-1975,https://data.humdata.org/dataset/faostat-food-prices-for-lebanon,November,Food and Agriculture Organization,1975,Local currency units per USD,http://linked.aub.edu.lb/CODEC/Lebanon/Dataset/exchange-rates-Lebanon
http://dbpedia.org/resource/Lebanon,11/30/1976,Lebanese Pound,LCU,11/1/1976,2.84E+00,http://linked.aub.edu.lb/CODEC/Lebanon/observation/exchange-rates-Lebanon-Local+currency+units+per+USD-November-1976,https://data.humdata.org/dataset/faostat-food-prices-for-lebanon,November,Food and Agriculture Organization,1976,Local currency units per USD,http://linked.aub.edu.lb/CODEC/Lebanon/Dataset/exchange-rates-Lebanon
http://dbpedia.org/resource/Lebanon,11/30/1977,Lebanese Pound,LCU,11/1/1977,3.07E+00,http://linked.aub.edu.lb/CODEC/Lebanon/observation/exchange-rates-Lebanon-Local+currency+units+per+USD-November-1977,https://data.humdata.org/dataset/faostat-food-prices-for-lebanon,November,Food and Agriculture Organization,1977,Local currency units per USD,http://linked.aub.edu.lb/CODEC/Lebanon/Dataset/exchange-rates-Lebanon
http://dbpedia.org/resource/Lebanon,11/30/1978,Lebanese Pound,LCU,11/1/1978,2.99E+00,http://linked.aub.edu.lb/CODEC/Lebanon/observation/exchange-rates-Lebanon-Local+currency+units+per+USD-November-1978,https://data.humdata.org/dataset/faostat-food-prices-for-lebanon,November,Food and Agriculture Organization,1978,Local currency units per USD,http://linked.aub.edu.lb/CODEC/Lebanon/Dataset/exchange-rates-Lebanon
http://dbpedia.org/resource/Lebanon,11/30/1979,Lebanese Pound,LCU,11/1/1979,3.41E+00,http://linked.aub.edu.lb/CODEC/Lebanon/observation/exchange-rates-Lebanon-Local+currency+units+per+USD-November-1979,https://data.humdata.org/dataset/faostat-food-prices-for-lebanon,November,Food and Agriculture Organization,1979,Local currency units per USD,http://linked.aub.edu.lb/CODEC/Lebanon/Dataset/exchange-rates-Lebanon
http://dbpedia.org/resource/Lebanon,11/30/1980,Lebanese Pound,LCU,11/1/1980,3.57E+00,http://linked.aub.edu.lb/CODEC/Lebanon/observation/exchange-rates-Lebanon-Local+currency+units+per+USD-November-1980,https://data.humdata.org/dataset/faostat-food-prices-for-lebanon,November,Food and Agriculture Organization,1980,Local currency units per USD,http://linked.aub.edu.lb/CODEC/Lebanon/Dataset/exchange-rates-Lebanon
http://dbpedia.org/resource/Lebanon,11/30/1981,Lebanese Pound,LCU,11/1/1981,4.62E+00,http://linked.aub.edu.lb/CODEC/Lebanon/observation/exchange-rates-Lebanon-Local+currency+units+per+USD-November-1981,https://data.humdata.org/dataset/faostat-food-prices-for-lebanon,November,Food and Agriculture Organization,1981,Local currency units per USD,http://linked.aub.edu.lb/CODEC/Lebanon/Dataset/exchange-rates-Lebanon
http://dbpedia.org/resource/Lebanon,11/30/1982,Lebanese Pound,LCU,11/1/1982,4.32E+00,http://linked.aub.edu.lb/CODEC/Lebanon/observation/exchange-rates-Lebanon-Local+currency+units+per+USD-November-1982,https://data.humdata.org/dataset/faostat-food-prices-for-lebanon,November,Food and Agriculture Organization,1982,Local currency units per USD,http://linked.aub.edu.lb/CODEC/Lebanon/Dataset/exchange-rates-Lebanon
http://dbpedia.org/resource/Lebanon,11/30/1983,Lebanese Pound,LCU,11/1/1983,5.24E+00,http://linked.aub.edu.lb/CODEC/Lebanon/observation/exchange-rates-Lebanon-Local+currency+units+per+USD-November-1983,https://data.humdata.org/dataset/faostat-food-prices-for-lebanon,November,Food and Agriculture Organization,1983,Local currency units per USD,http://linked.aub.edu.lb/CODEC/Lebanon/Dataset/exchange-rates-Lebanon
http://dbpedia.org/resource/Lebanon,11/30/1984,Lebanese Pound,LCU,11/1/1984,7.64E+00,http://linked.aub.edu.lb/CODEC/Lebanon/observation/exchange-rates-Lebanon-Local+currency+units+per+USD-November-1984,https://data.humdata.org/dataset/faostat-food-prices-for-lebanon,November,Food and Agriculture Organization,1984,Local currency units per USD,http://linked.aub.edu.lb/CODEC/Lebanon/Dataset/exchange-rates-Lebanon
http://dbpedia.org/resource/Lebanon,11/30/1985,Lebanese Pound,LCU,11/1/1985,1.75E+01,http://linked.aub.edu.lb/CODEC/Lebanon/observation/exchange-rates-Lebanon-Local+currency+units+per+USD-November-1985,https://data.humdata.org/dataset/faostat-food-prices-for-lebanon,November,Food and Agriculture Organization,1985,Local currency units per USD,http://linked.aub.edu.lb/CODEC/Lebanon/Dataset/exchange-rates-Lebanon
http://dbpedia.org/resource/Lebanon,11/30/1986,Lebanese Pound,LCU,11/1/1986,5.95E+01,http://linked.aub.edu.lb/CODEC/Lebanon/observation/exchange-rates-Lebanon-Local+currency+units+per+USD-November-1986,https://data.humdata.org/dataset/faostat-food-prices-for-lebanon,November,Food and Agriculture Organization,1986,Local currency units per USD,http://linked.aub.edu.lb/CODEC/Lebanon/Dataset/exchange-rates-Lebanon
http://dbpedia.org/resource/Lebanon,11/30/1987,Lebanese Pound,LCU,11/1/1987,4.98E+02,http://linked.aub.edu.lb/CODEC/Lebanon/observation/exchange-rates-Lebanon-Local+currency+units+per+USD-November-1987,https://data.humdata.org/dataset/faostat-food-prices-for-lebanon,November,Food and Agriculture Organization,1987,Local currency units per USD,http://linked.aub.edu.lb/CODEC/Lebanon/Dataset/exchange-rates-Lebanon
http://dbpedia.org/resource/Lebanon,11/30/1988,Lebanese Pound,LCU,11/1/1988,5.13E+02,http://linked.aub.edu.lb/CODEC/Lebanon/observation/exchange-rates-Lebanon-Local+currency+units+per+USD-November-1988,https://data.humdata.org/dataset/faostat-food-prices-for-lebanon,November,Food and Agriculture Organization,1988,Local currency units per USD,http://linked.aub.edu.lb/CODEC/Lebanon/Dataset/exchange-rates-Lebanon
http://dbpedia.org/resource/Lebanon,11/30/1989,Lebanese Pound,LCU,11/1/1989,4.27E+02,http://linked.aub.edu.lb/CODEC/Lebanon/observation/exchange-rates-Lebanon-Local+currency+units+per+USD-November-1989,https://data.humdata.org/dataset/faostat-food-prices-for-lebanon,November,Food and Agriculture Organization,1989,Local currency units per USD,http://linked.aub.edu.lb/CODEC/Lebanon/Dataset/exchange-rates-Lebanon
http://dbpedia.org/resource/Lebanon,11/30/1990,Lebanese Pound,LCU,11/1/1990,7.07E+02,http://linked.aub.edu.lb/CODEC/Lebanon/observation/exchange-rates-Lebanon-Local+currency+units+per+USD-November-1990,https://data.humdata.org/dataset/faostat-food-prices-for-lebanon,November,Food and Agriculture Organization,1990,Local currency units per USD,http://linked.aub.edu.lb/CODEC/Lebanon/Dataset/exchange-rates-Lebanon
http://dbpedia.org/resource/Lebanon,11/30/1991,Lebanese Pound,LCU,11/1/1991,8.81E+02,http://linked.aub.edu.lb/CODEC/Lebanon/observation/exchange-rates-Lebanon-Local+currency+units+per+USD-November-1991,https://data.humdata.org/dataset/faostat-food-prices-for-lebanon,November,Food and Agriculture Organization,1991,Local currency units per USD,http://linked.aub.edu.lb/CODEC/Lebanon/Dataset/exchange-rates-Lebanon
http://dbpedia.org/resource/Lebanon,11/30/1992,Lebanese Pound,LCU,11/1/1992,1.91E+03,http://linked.aub.edu.lb/CODEC/Lebanon/observation/exchange-rates-Lebanon-Local+currency+units+per+USD-November-1992,https://data.humdata.org/dataset/faostat-food-prices-for-lebanon,November,Food and Agriculture Organization,1992,Local currency units per USD,http://linked.aub.edu.lb/CODEC/Lebanon/Dataset/exchange-rates-Lebanon
http://dbpedia.org/resource/Lebanon,11/30/1993,Lebanese Pound,LCU,11/1/1993,1.72E+03,http://linked.aub.edu.lb/CODEC/Lebanon/observation/exchange-rates-Lebanon-Local+currency+units+per+USD-November-1993,https://data.humdata.org/dataset/faostat-food-prices-for-lebanon,November,Food and Agriculture Organization,1993,Local currency units per USD,http://linked.aub.edu.lb/CODEC/Lebanon/Dataset/exchange-rates-Lebanon
http://dbpedia.org/resource/Lebanon,11/30/1994,Lebanese Pound,LCU,11/1/1994,1.66E+03,http://linked.aub.edu.lb/CODEC/Lebanon/observation/exchange-rates-Lebanon-Local+currency+units+per+USD-November-1994,https://data.humdata.org/dataset/faostat-food-prices-for-lebanon,November,Food and Agriculture Organization,1994,Local currency units per USD,http://linked.aub.edu.lb/CODEC/Lebanon/Dataset/exchange-rates-Lebanon
http://dbpedia.org/resource/Lebanon,11/30/1995,Lebanese Pound,LCU,11/1/1995,1.60E+03,http://linked.aub.edu.lb/CODEC/Lebanon/observation/exchange-rates-Lebanon-Local+currency+units+per+USD-November-1995,https://data.humdata.org/dataset/faostat-food-prices-for-lebanon,November,Food and Agriculture Organization,1995,Local currency units per USD,http://linked.aub.edu.lb/CODEC/Lebanon/Dataset/exchange-rates-Lebanon
http://dbpedia.org/resource/Lebanon,11/30/1996,Lebanese Pound,LCU,11/1/1996,1.55E+03,http://linked.aub.edu.lb/CODEC/Lebanon/observation/exchange-rates-Lebanon-Local+currency+units+per+USD-November-1996,https://data.humdata.org/dataset/faostat-food-prices-for-lebanon,November,Food and Agriculture Organization,1996,Local currency units per USD,http://linked.aub.edu.lb/CODEC/Lebanon/Dataset/exchange-rates-Lebanon
http://dbpedia.org/resource/Lebanon,11/30/1997,Lebanese Pound,LCU,11/1/1997,1.53E+03,http://linked.aub.edu.lb/CODEC/Lebanon/observation/exchange-rates-Lebanon-Local+currency+units+per+USD-November-1997,https://data.humdata.org/dataset/faostat-food-prices-for-lebanon,November,Food and Agriculture Organization,1997,Local currency units per USD,http://linked.aub.edu.lb/CODEC/Lebanon/Dataset/exchange-rates-Lebanon
http://dbpedia.org/resource/Lebanon,11/30/1998,Lebanese Pound,LCU,11/1/1998,1.51E+03,http://linked.aub.edu.lb/CODEC/Lebanon/observation/exchange-rates-Lebanon-Local+currency+units+per+USD-November-1998,https://data.humdata.org/dataset/faostat-food-prices-for-lebanon,November,Food and Agriculture Organization,1998,Local currency units per USD,http://linked.aub.edu.lb/CODEC/Lebanon/Dataset/exchange-rates-Lebanon
http://dbpedia.org/resource/Lebanon,11/30/1999,Lebanese Pound,LCU,11/1/1999,1.51E+03,http://linked.aub.edu.lb/CODEC/Lebanon/observation/exchange-rates-Lebanon-Local+currency+units+per+USD-November-1999,https://data.humdata.org/dataset/faostat-food-prices-for-lebanon,November,Food and Agriculture Organization,1999,Local currency units per USD,http://linked.aub.edu.lb/CODEC/Lebanon/Dataset/exchange-rates-Lebanon
http://dbpedia.org/resource/Lebanon,11/30/2000,Lebanese Pound,LCU,11/1/2000,1.51E+03,http://linked.aub.edu.lb/CODEC/Lebanon/observation/exchange-rates-Lebanon-Local+currency+units+per+USD-November-2000,https://data.humdata.org/dataset/faostat-food-prices-for-lebanon,November,Food and Agriculture Organization,2000,Local currency units per USD,http://linked.aub.edu.lb/CODEC/Lebanon/Dataset/exchange-rates-Lebanon
http://dbpedia.org/resource/Lebanon,11/30/2001,Lebanese Pound,LCU,11/1/2001,1.51E+03,http://linked.aub.edu.lb/CODEC/Lebanon/observation/exchange-rates-Lebanon-Local+currency+units+per+USD-November-2001,https://data.humdata.org/dataset/faostat-food-prices-for-lebanon,November,Food and Agriculture Organization,2001,Local currency units per USD,http://linked.aub.edu.lb/CODEC/Lebanon/Dataset/exchange-rates-Lebanon
http://dbpedia.org/resource/Lebanon,11/30/2002,Lebanese Pound,LCU,11/1/2002,1.51E+03,http://linked.aub.edu.lb/CODEC/Lebanon/observation/exchange-rates-Lebanon-Local+currency+units+per+USD-November-2002,https://data.humdata.org/dataset/faostat-food-prices-for-lebanon,November,Food and Agriculture Organization,2002,Local currency units per USD,http://linked.aub.edu.lb/CODEC/Lebanon/Dataset/exchange-rates-Lebanon
http://dbpedia.org/resource/Lebanon,11/30/2003,Lebanese Pound,LCU,11/1/2003,1.51E+03,http://linked.aub.edu.lb/CODEC/Lebanon/observation/exchange-rates-Lebanon-Local+currency+units+per+USD-November-2003,https://data.humdata.org/dataset/faostat-food-prices-for-lebanon,November,Food and Agriculture Organization,2003,Local currency units per USD,http://linked.aub.edu.lb/CODEC/Lebanon/Dataset/exchange-rates-Lebanon
http://dbpedia.org/resource/Lebanon,11/30/2004,Lebanese Pound,LCU,11/1/2004,1.51E+03,http://linked.aub.edu.lb/CODEC/Lebanon/observation/exchange-rates-Lebanon-Local+currency+units+per+USD-November-2004,https://data.humdata.org/dataset/faostat-food-prices-for-lebanon,November,Food and Agriculture Organization,2004,Local currency units per USD,http://linked.aub.edu.lb/CODEC/Lebanon/Dataset/exchange-rates-Lebanon
http://dbpedia.org/resource/Lebanon,11/30/2005,Lebanese Pound,LCU,11/1/2005,1.51E+03,http://linked.aub.edu.lb/CODEC/Lebanon/observation/exchange-rates-Lebanon-Local+currency+units+per+USD-November-2005,https://data.humdata.org/dataset/faostat-food-prices-for-lebanon,November,Food and Agriculture Organization,2005,Local currency units per USD,http://linked.aub.edu.lb/CODEC/Lebanon/Dataset/exchange-rates-Lebanon
http://dbpedia.org/resource/Lebanon,11/30/2006,Lebanese Pound,LCU,11/1/2006,1.51E+03,http://linked.aub.edu.lb/CODEC/Lebanon/observation/exchange-rates-Lebanon-Local+currency+units+per+USD-November-2006,https://data.humdata.org/dataset/faostat-food-prices-for-lebanon,November,Food and Agriculture Organization,2006,Local currency units per USD,http://linked.aub.edu.lb/CODEC/Lebanon/Dataset/exchange-rates-Lebanon
http://dbpedia.org/resource/Lebanon,11/30/2007,Lebanese Pound,LCU,11/1/2007,1.51E+03,http://linked.aub.edu.lb/CODEC/Lebanon/observation/exchange-rates-Lebanon-Local+currency+units+per+USD-November-2007,https://data.humdata.org/dataset/faostat-food-prices-for-lebanon,November,Food and Agriculture Organization,2007,Local currency units per USD,http://linked.aub.edu.lb/CODEC/Lebanon/Dataset/exchange-rates-Lebanon
http://dbpedia.org/resource/Lebanon,11/30/2008,Lebanese Pound,LCU,11/1/2008,1.51E+03,http://linked.aub.edu.lb/CODEC/Lebanon/observation/exchange-rates-Lebanon-Local+currency+units+per+USD-November-2008,https://data.humdata.org/dataset/faostat-food-prices-for-lebanon,November,Food and Agriculture Organization,2008,Local currency units per USD,http://linked.aub.edu.lb/CODEC/Lebanon/Dataset/exchange-rates-Lebanon
http://dbpedia.org/resource/Lebanon,11/30/2009,Lebanese Pound,LCU,11/1/2009,1.51E+03,http://linked.aub.edu.lb/CODEC/Lebanon/observation/exchange-rates-Lebanon-Local+currency+units+per+USD-November-2009,https://data.humdata.org/dataset/faostat-food-prices-for-lebanon,November,Food and Agriculture Organization,2009,Local currency units per USD,http://linked.aub.edu.lb/CODEC/Lebanon/Dataset/exchange-rates-Lebanon
http://dbpedia.org/resource/Lebanon,11/30/2010,Lebanese Pound,LCU,11/1/2010,1.51E+03,http://linked.aub.edu.lb/CODEC/Lebanon/observation/exchange-rates-Lebanon-Local+currency+units+per+USD-November-2010,https://data.humdata.org/dataset/faostat-food-prices-for-lebanon,November,Food and Agriculture Organization,2010,Local currency units per USD,http://linked.aub.edu.lb/CODEC/Lebanon/Dataset/exchange-rates-Lebanon
http://dbpedia.org/resource/Lebanon,11/30/2011,Lebanese Pound,LCU,11/1/2011,1.51E+03,http://linked.aub.edu.lb/CODEC/Lebanon/observation/exchange-rates-Lebanon-Local+currency+units+per+USD-November-2011,https://data.humdata.org/dataset/faostat-food-prices-for-lebanon,November,Food and Agriculture Organization,2011,Local currency units per USD,http://linked.aub.edu.lb/CODEC/Lebanon/Dataset/exchange-rates-Lebanon
http://dbpedia.org/resource/Lebanon,11/30/2012,Lebanese Pound,LCU,11/1/2012,1.51E+03,http://linked.aub.edu.lb/CODEC/Lebanon/observation/exchange-rates-Lebanon-Local+currency+units+per+USD-November-2012,https://data.humdata.org/dataset/faostat-food-prices-for-lebanon,November,Food and Agriculture Organization,2012,Local currency units per USD,http://linked.aub.edu.lb/CODEC/Lebanon/Dataset/exchange-rates-Lebanon
http://dbpedia.org/resource/Lebanon,11/30/2013,Lebanese Pound,LCU,11/1/2013,1.51E+03,http://linked.aub.edu.lb/CODEC/Lebanon/observation/exchange-rates-Lebanon-Local+currency+units+per+USD-November-2013,https://data.humdata.org/dataset/faostat-food-prices-for-lebanon,November,Food and Agriculture Organization,2013,Local currency units per USD,http://linked.aub.edu.lb/CODEC/Lebanon/Dataset/exchange-rates-Lebanon
http://dbpedia.org/resource/Lebanon,11/30/2014,Lebanese Pound,LCU,11/1/2014,1.51E+03,http://linked.aub.edu.lb/CODEC/Lebanon/observation/exchange-rates-Lebanon-Local+currency+units+per+USD-November-2014,https://data.humdata.org/dataset/faostat-food-prices-for-lebanon,November,Food and Agriculture Organization,2014,Local currency units per USD,http://linked.aub.edu.lb/CODEC/Lebanon/Dataset/exchange-rates-Lebanon
http://dbpedia.org/resource/Lebanon,11/30/2015,Lebanese Pound,LCU,11/1/2015,1.51E+03,http://linked.aub.edu.lb/CODEC/Lebanon/observation/exchange-rates-Lebanon-Local+currency+units+per+USD-November-2015,https://data.humdata.org/dataset/faostat-food-prices-for-lebanon,November,Food and Agriculture Organization,2015,Local currency units per USD,http://linked.aub.edu.lb/CODEC/Lebanon/Dataset/exchange-rates-Lebanon
http://dbpedia.org/resource/Lebanon,11/30/2016,Lebanese Pound,LCU,11/1/2016,1.51E+03,http://linked.aub.edu.lb/CODEC/Lebanon/observation/exchange-rates-Lebanon-Local+currency+units+per+USD-November-2016,https://data.humdata.org/dataset/faostat-food-prices-for-lebanon,November,Food and Agriculture Organization,2016,Local currency units per USD,http://linked.aub.edu.lb/CODEC/Lebanon/Dataset/exchange-rates-Lebanon
http://dbpedia.org/resource/Lebanon,11/30/2017,Lebanese Pound,LCU,11/1/2017,1.51E+03,http://linked.aub.edu.lb/CODEC/Lebanon/observation/exchange-rates-Lebanon-Local+currency+units+per+USD-November-2017,https://data.humdata.org/dataset/faostat-food-prices-for-lebanon,November,Food and Agriculture Organization,2017,Local currency units per USD,http://linked.aub.edu.lb/CODEC/Lebanon/Dataset/exchange-rates-Lebanon
http://dbpedia.org/resource/Lebanon,11/30/2018,Lebanese Pound,LCU,11/1/2018,1.51E+03,http://linked.aub.edu.lb/CODEC/Lebanon/observation/exchange-rates-Lebanon-Local+currency+units+per+USD-November-2018,https://data.humdata.org/dataset/faostat-food-prices-for-lebanon,November,Food and Agriculture Organization,2018,Local currency units per USD,http://linked.aub.edu.lb/CODEC/Lebanon/Dataset/exchange-rates-Lebanon
http://dbpedia.org/resource/Lebanon,11/30/2019,Lebanese Pound,LCU,11/1/2019,1.51E+03,http://linked.aub.edu.lb/CODEC/Lebanon/observation/exchange-rates-Lebanon-Local+currency+units+per+USD-November-2019,https://data.humdata.org/dataset/faostat-food-prices-for-lebanon,November,Food and Agriculture Organization,2019,Local currency units per USD,http://linked.aub.edu.lb/CODEC/Lebanon/Dataset/exchange-rates-Lebanon
http://dbpedia.org/resource/Lebanon,11/30/2020,Lebanese Pound,LCU,11/1/2020,1.51E+03,http://linked.aub.edu.lb/CODEC/Lebanon/observation/exchange-rates-Lebanon-Local+currency+units+per+USD-November-2020,https://data.humdata.org/dataset/faostat-food-prices-for-lebanon,November,Food and Agriculture Organization,2020,Local currency units per USD,http://linked.aub.edu.lb/CODEC/Lebanon/Dataset/exchange-rates-Lebanon
http://dbpedia.org/resource/Lebanon,11/30/2021,Lebanese Pound,LCU,11/1/2021,1.51E+03,http://linked.aub.edu.lb/CODEC/Lebanon/observation/exchange-rates-Lebanon-Local+currency+units+per+USD-November-2021,https://data.humdata.org/dataset/faostat-food-prices-for-lebanon,November,Food and Agriculture Organization,2021,Local currency units per USD,http://linked.aub.edu.lb/CODEC/Lebanon/Dataset/exchange-rates-Lebanon
http://dbpedia.org/resource/Lebanon,11/30/2022,Lebanese Pound,LCU,11/1/2022,1.51E+03,http://linked.aub.edu.lb/CODEC/Lebanon/observation/exchange-rates-Lebanon-Local+currency+units+per+USD-November-2022,https://data.humdata.org/dataset/faostat-food-prices-for-lebanon,November,Food and Agriculture Organization,2022,Local currency units per USD,http://linked.aub.edu.lb/CODEC/Lebanon/Dataset/exchange-rates-Lebanon
http://dbpedia.org/resource/Lebanon,10/31/1970,Lebanese Pound,LCU,10/1/1970,3.25E+00,http://linked.aub.edu.lb/CODEC/Lebanon/observation/exchange-rates-Lebanon-Local+currency+units+per+USD-October-1970,https://data.humdata.org/dataset/faostat-food-prices-for-lebanon,October,Food and Agriculture Organization,1970,Local currency units per USD,http://linked.aub.edu.lb/CODEC/Lebanon/Dataset/exchange-rates-Lebanon
http://dbpedia.org/resource/Lebanon,10/31/1971,Lebanese Pound,LCU,10/1/1971,3.17E+00,http://linked.aub.edu.lb/CODEC/Lebanon/observation/exchange-rates-Lebanon-Local+currency+units+per+USD-October-1971,https://data.humdata.org/dataset/faostat-food-prices-for-lebanon,October,Food and Agriculture Organization,1971,Local currency units per USD,http://linked.aub.edu.lb/CODEC/Lebanon/Dataset/exchange-rates-Lebanon
http://dbpedia.org/resource/Lebanon,10/31/1972,Lebanese Pound,LCU,10/1/1972,3.02E+00,http://linked.aub.edu.lb/CODEC/Lebanon/observation/exchange-rates-Lebanon-Local+currency+units+per+USD-October-1972,https://data.humdata.org/dataset/faostat-food-prices-for-lebanon,October,Food and Agriculture Organization,1972,Local currency units per USD,http://linked.aub.edu.lb/CODEC/Lebanon/Dataset/exchange-rates-Lebanon
http://dbpedia.org/resource/Lebanon,10/31/1973,Lebanese Pound,LCU,10/1/1973,2.51E+00,http://linked.aub.edu.lb/CODEC/Lebanon/observation/exchange-rates-Lebanon-Local+currency+units+per+USD-October-1973,https://data.humdata.org/dataset/faostat-food-prices-for-lebanon,October,Food and Agriculture Organization,1973,Local currency units per USD,http://linked.aub.edu.lb/CODEC/Lebanon/Dataset/exchange-rates-Lebanon
http://dbpedia.org/resource/Lebanon,10/31/1974,Lebanese Pound,LCU,10/1/1974,2.23E+00,http://linked.aub.edu.lb/CODEC/Lebanon/observation/exchange-rates-Lebanon-Local+currency+units+per+USD-October-1974,https://data.humdata.org/dataset/faostat-food-prices-for-lebanon,October,Food and Agriculture Organization,1974,Local currency units per USD,http://linked.aub.edu.lb/CODEC/Lebanon/Dataset/exchange-rates-Lebanon
http://dbpedia.org/resource/Lebanon,10/31/1975,Lebanese Pound,LCU,10/1/1975,2.36E+00,http://linked.aub.edu.lb/CODEC/Lebanon/observation/exchange-rates-Lebanon-Local+currency+units+per+USD-October-1975,https://data.humdata.org/dataset/faostat-food-prices-for-lebanon,October,Food and Agriculture Organization,1975,Local currency units per USD,http://linked.aub.edu.lb/CODEC/Lebanon/Dataset/exchange-rates-Lebanon
http://dbpedia.org/resource/Lebanon,10/31/1976,Lebanese Pound,LCU,10/1/1976,3.18E+00,http://linked.aub.edu.lb/CODEC/Lebanon/observation/exchange-rates-Lebanon-Local+currency+units+per+USD-October-1976,https://data.humdata.org/dataset/faostat-food-prices-for-lebanon,October,Food and Agriculture Organization,1976,Local currency units per USD,http://linked.aub.edu.lb/CODEC/Lebanon/Dataset/exchange-rates-Lebanon
http://dbpedia.org/resource/Lebanon,10/31/1977,Lebanese Pound,LCU,10/1/1977,3.10E+00,http://linked.aub.edu.lb/CODEC/Lebanon/observation/exchange-rates-Lebanon-Local+currency+units+per+USD-October-1977,https://data.humdata.org/dataset/faostat-food-prices-for-lebanon,October,Food and Agriculture Organization,1977,Local currency units per USD,http://linked.aub.edu.lb/CODEC/Lebanon/Dataset/exchange-rates-Lebanon
http://dbpedia.org/resource/Lebanon,10/31/1978,Lebanese Pound,LCU,10/1/1978,2.97E+00,http://linked.aub.edu.lb/CODEC/Lebanon/observation/exchange-rates-Lebanon-Local+currency+units+per+USD-October-1978,https://data.humdata.org/dataset/faostat-food-prices-for-lebanon,October,Food and Agriculture Organization,1978,Local currency units per USD,http://linked.aub.edu.lb/CODEC/Lebanon/Dataset/exchange-rates-Lebanon
http://dbpedia.org/resource/Lebanon,10/31/1979,Lebanese Pound,LCU,10/1/1979,3.32E+00,http://linked.aub.edu.lb/CODEC/Lebanon/observation/exchange-rates-Lebanon-Local+currency+units+per+USD-October-1979,https://data.humdata.org/dataset/faostat-food-prices-for-lebanon,October,Food and Agriculture Organization,1979,Local currency units per USD,http://linked.aub.edu.lb/CODEC/Lebanon/Dataset/exchange-rates-Lebanon
http://dbpedia.org/resource/Lebanon,10/31/1980,Lebanese Pound,LCU,10/1/1980,3.48E+00,http://linked.aub.edu.lb/CODEC/Lebanon/observation/exchange-rates-Lebanon-Local+currency+units+per+USD-October-1980,https://data.humdata.org/dataset/faostat-food-prices-for-lebanon,October,Food and Agriculture Organization,1980,Local currency units per USD,http://linked.aub.edu.lb/CODEC/Lebanon/Dataset/exchange-rates-Lebanon
http://dbpedia.org/resource/Lebanon,10/31/1981,Lebanese Pound,LCU,10/1/1981,4.61E+00,http://linked.aub.edu.lb/CODEC/Lebanon/observation/exchange-rates-Lebanon-Local+currency+units+per+USD-October-1981,https://data.humdata.org/dataset/faostat-food-prices-for-lebanon,October,Food and Agriculture Organization,1981,Local currency units per USD,http://linked.aub.edu.lb/CODEC/Lebanon/Dataset/exchange-rates-Lebanon
http://dbpedia.org/resource/Lebanon,10/31/1982,Lebanese Pound,LCU,10/1/1982,4.28E+00,http://linked.aub.edu.lb/CODEC/Lebanon/observation/exchange-rates-Lebanon-Local+currency+units+per+USD-October-1982,https://data.humdata.org/dataset/faostat-food-prices-for-lebanon,October,Food and Agriculture Organization,1982,Local currency units per USD,http://linked.aub.edu.lb/CODEC/Lebanon/Dataset/exchange-rates-Lebanon
http://dbpedia.org/resource/Lebanon,10/31/1983,Lebanese Pound,LCU,10/1/1983,5.11E+00,http://linked.aub.edu.lb/CODEC/Lebanon/observation/exchange-rates-Lebanon-Local+currency+units+per+USD-October-1983,https://data.humdata.org/dataset/faostat-food-prices-for-lebanon,October,Food and Agriculture Organization,1983,Local currency units per USD,http://linked.aub.edu.lb/CODEC/Lebanon/Dataset/exchange-rates-Lebanon
http://dbpedia.org/resource/Lebanon,10/31/1984,Lebanese Pound,LCU,10/1/1984,7.85E+00,http://linked.aub.edu.lb/CODEC/Lebanon/observation/exchange-rates-Lebanon-Local+currency+units+per+USD-October-1984,https://data.humdata.org/dataset/faostat-food-prices-for-lebanon,October,Food and Agriculture Organization,1984,Local currency units per USD,http://linked.aub.edu.lb/CODEC/Lebanon/Dataset/exchange-rates-Lebanon
http://dbpedia.org/resource/Lebanon,10/31/1985,Lebanese Pound,LCU,10/1/1985,1.80E+01,http://linked.aub.edu.lb/CODEC/Lebanon/observation/exchange-rates-Lebanon-Local+currency+units+per+USD-October-1985,https://data.humdata.org/dataset/faostat-food-prices-for-lebanon,October,Food and Agriculture Organization,1985,Local currency units per USD,http://linked.aub.edu.lb/CODEC/Lebanon/Dataset/exchange-rates-Lebanon
http://dbpedia.org/resource/Lebanon,10/31/1986,Lebanese Pound,LCU,10/1/1986,4.71E+01,http://linked.aub.edu.lb/CODEC/Lebanon/observation/exchange-rates-Lebanon-Local+currency+units+per+USD-October-1986,https://data.humdata.org/dataset/faostat-food-prices-for-lebanon,October,Food and Agriculture Organization,1986,Local currency units per USD,http://linked.aub.edu.lb/CODEC/Lebanon/Dataset/exchange-rates-Lebanon
http://dbpedia.org/resource/Lebanon,10/31/1987,Lebanese Pound,LCU,10/1/1987,3.89E+02,http://linked.aub.edu.lb/CODEC/Lebanon/observation/exchange-rates-Lebanon-Local+currency+units+per+USD-October-1987,https://data.humdata.org/dataset/faostat-food-prices-for-lebanon,October,Food and Agriculture Organization,1987,Local currency units per USD,http://linked.aub.edu.lb/CODEC/Lebanon/Dataset/exchange-rates-Lebanon
http://dbpedia.org/resource/Lebanon,10/31/1988,Lebanese Pound,LCU,10/1/1988,4.59E+02,http://linked.aub.edu.lb/CODEC/Lebanon/observation/exchange-rates-Lebanon-Local+currency+units+per+USD-October-1988,https://data.humdata.org/dataset/faostat-food-prices-for-lebanon,October,Food and Agriculture Organization,1988,Local currency units per USD,http://linked.aub.edu.lb/CODEC/Lebanon/Dataset/exchange-rates-Lebanon
http://dbpedia.org/resource/Lebanon,10/31/1989,Lebanese Pound,LCU,10/1/1989,4.53E+02,http://linked.aub.edu.lb/CODEC/Lebanon/observation/exchange-rates-Lebanon-Local+currency+units+per+USD-October-1989,https://data.humdata.org/dataset/faostat-food-prices-for-lebanon,October,Food and Agriculture Organization,1989,Local currency units per USD,http://linked.aub.edu.lb/CODEC/Lebanon/Dataset/exchange-rates-Lebanon
http://dbpedia.org/resource/Lebanon,10/31/1990,Lebanese Pound,LCU,10/1/1990,8.70E+02,http://linked.aub.edu.lb/CODEC/Lebanon/observation/exchange-rates-Lebanon-Local+currency+units+per+USD-October-1990,https://data.humdata.org/dataset/faostat-food-prices-for-lebanon,October,Food and Agriculture Organization,1990,Local currency units per USD,http://linked.aub.edu.lb/CODEC/Lebanon/Dataset/exchange-rates-Lebanon
http://dbpedia.org/resource/Lebanon,10/31/1991,Lebanese Pound,LCU,10/1/1991,8.87E+02,http://linked.aub.edu.lb/CODEC/Lebanon/observation/exchange-rates-Lebanon-Local+currency+units+per+USD-October-1991,https://data.humdata.org/dataset/faostat-food-prices-for-lebanon,October,Food and Agriculture Organization,1991,Local currency units per USD,http://linked.aub.edu.lb/CODEC/Lebanon/Dataset/exchange-rates-Lebanon
http://dbpedia.org/resource/Lebanon,10/31/1992,Lebanese Pound,LCU,10/1/1992,2.25E+03,http://linked.aub.edu.lb/CODEC/Lebanon/observation/exchange-rates-Lebanon-Local+currency+units+per+USD-October-1992,https://data.humdata.org/dataset/faostat-food-prices-for-lebanon,October,Food and Agriculture Organization,1992,Local currency units per USD,http://linked.aub.edu.lb/CODEC/Lebanon/Dataset/exchange-rates-Lebanon
http://dbpedia.org/resource/Lebanon,10/31/1993,Lebanese Pound,LCU,10/1/1993,1.72E+03,http://linked.aub.edu.lb/CODEC/Lebanon/observation/exchange-rates-Lebanon-Local+currency+units+per+USD-October-1993,https://data.humdata.org/dataset/faostat-food-prices-for-lebanon,October,Food and Agriculture Organization,1993,Local currency units per USD,http://linked.aub.edu.lb/CODEC/Lebanon/Dataset/exchange-rates-Lebanon
http://dbpedia.org/resource/Lebanon,10/31/1994,Lebanese Pound,LCU,10/1/1994,1.66E+03,http://linked.aub.edu.lb/CODEC/Lebanon/observation/exchange-rates-Lebanon-Local+currency+units+per+USD-October-1994,https://data.humdata.org/dataset/faostat-food-prices-for-lebanon,October,Food and Agriculture Organization,1994,Local currency units per USD,http://linked.aub.edu.lb/CODEC/Lebanon/Dataset/exchange-rates-Lebanon
http://dbpedia.org/resource/Lebanon,10/31/1995,Lebanese Pound,LCU,10/1/1995,1.61E+03,http://linked.aub.edu.lb/CODEC/Lebanon/observation/exchange-rates-Lebanon-Local+currency+units+per+USD-October-1995,https://data.humdata.org/dataset/faostat-food-prices-for-lebanon,October,Food and Agriculture Organization,1995,Local currency units per USD,http://linked.aub.edu.lb/CODEC/Lebanon/Dataset/exchange-rates-Lebanon
http://dbpedia.org/resource/Lebanon,10/31/1996,Lebanese Pound,LCU,10/1/1996,1.56E+03,http://linked.aub.edu.lb/CODEC/Lebanon/observation/exchange-rates-Lebanon-Local+currency+units+per+USD-October-1996,https://data.humdata.org/dataset/faostat-food-prices-for-lebanon,October,Food and Agriculture Organization,1996,Local currency units per USD,http://linked.aub.edu.lb/CODEC/Lebanon/Dataset/exchange-rates-Lebanon
http://dbpedia.org/resource/Lebanon,10/31/1997,Lebanese Pound,LCU,10/1/1997,1.53E+03,http://linked.aub.edu.lb/CODEC/Lebanon/observation/exchange-rates-Lebanon-Local+currency+units+per+USD-October-1997,https://data.humdata.org/dataset/faostat-food-prices-for-lebanon,October,Food and Agriculture Organization,1997,Local currency units per USD,http://linked.aub.edu.lb/CODEC/Lebanon/Dataset/exchange-rates-Lebanon
http://dbpedia.org/resource/Lebanon,10/31/1998,Lebanese Pound,LCU,10/1/1998,1.51E+03,http://linked.aub.edu.lb/CODEC/Lebanon/observation/exchange-rates-Lebanon-Local+currency+units+per+USD-October-1998,https://data.humdata.org/dataset/faostat-food-prices-for-lebanon,October,Food and Agriculture Organization,1998,Local currency units per USD,http://linked.aub.edu.lb/CODEC/Lebanon/Dataset/exchange-rates-Lebanon
http://dbpedia.org/resource/Lebanon,10/31/1999,Lebanese Pound,LCU,10/1/1999,1.51E+03,http://linked.aub.edu.lb/CODEC/Lebanon/observation/exchange-rates-Lebanon-Local+currency+units+per+USD-October-1999,https://data.humdata.org/dataset/faostat-food-prices-for-lebanon,October,Food and Agriculture Organization,1999,Local currency units per USD,http://linked.aub.edu.lb/CODEC/Lebanon/Dataset/exchange-rates-Lebanon
http://dbpedia.org/resource/Lebanon,10/31/2000,Lebanese Pound,LCU,10/1/2000,1.51E+03,http://linked.aub.edu.lb/CODEC/Lebanon/observation/exchange-rates-Lebanon-Local+currency+units+per+USD-October-2000,https://data.humdata.org/dataset/faostat-food-prices-for-lebanon,October,Food and Agriculture Organization,2000,Local currency units per USD,http://linked.aub.edu.lb/CODEC/Lebanon/Dataset/exchange-rates-Lebanon
http://dbpedia.org/resource/Lebanon,10/31/2001,Lebanese Pound,LCU,10/1/2001,1.51E+03,http://linked.aub.edu.lb/CODEC/Lebanon/observation/exchange-rates-Lebanon-Local+currency+units+per+USD-October-2001,https://data.humdata.org/dataset/faostat-food-prices-for-lebanon,October,Food and Agriculture Organization,2001,Local currency units per USD,http://linked.aub.edu.lb/CODEC/Lebanon/Dataset/exchange-rates-Lebanon
http://dbpedia.org/resource/Lebanon,10/31/2002,Lebanese Pound,LCU,10/1/2002,1.51E+03,http://linked.aub.edu.lb/CODEC/Lebanon/observation/exchange-rates-Lebanon-Local+currency+units+per+USD-October-2002,https://data.humdata.org/dataset/faostat-food-prices-for-lebanon,October,Food and Agriculture Organization,2002,Local currency units per USD,http://linked.aub.edu.lb/CODEC/Lebanon/Dataset/exchange-rates-Lebanon
http://dbpedia.org/resource/Lebanon,10/31/2003,Lebanese Pound,LCU,10/1/2003,1.51E+03,http://linked.aub.edu.lb/CODEC/Lebanon/observation/exchange-rates-Lebanon-Local+currency+units+per+USD-October-2003,https://data.humdata.org/dataset/faostat-food-prices-for-lebanon,October,Food and Agriculture Organization,2003,Local currency units per USD,http://linked.aub.edu.lb/CODEC/Lebanon/Dataset/exchange-rates-Lebanon
http://dbpedia.org/resource/Lebanon,10/31/2004,Lebanese Pound,LCU,10/1/2004,1.51E+03,http://linked.aub.edu.lb/CODEC/Lebanon/observation/exchange-rates-Lebanon-Local+currency+units+per+USD-October-2004,https://data.humdata.org/dataset/faostat-food-prices-for-lebanon,October,Food and Agriculture Organization,2004,Local currency units per USD,http://linked.aub.edu.lb/CODEC/Lebanon/Dataset/exchange-rates-Lebanon
http://dbpedia.org/resource/Lebanon,10/31/2005,Lebanese Pound,LCU,10/1/2005,1.51E+03,http://linked.aub.edu.lb/CODEC/Lebanon/observation/exchange-rates-Lebanon-Local+currency+units+per+USD-October-2005,https://data.humdata.org/dataset/faostat-food-prices-for-lebanon,October,Food and Agriculture Organization,2005,Local currency units per USD,http://linked.aub.edu.lb/CODEC/Lebanon/Dataset/exchange-rates-Lebanon
http://dbpedia.org/resource/Lebanon,10/31/2006,Lebanese Pound,LCU,10/1/2006,1.51E+03,http://linked.aub.edu.lb/CODEC/Lebanon/observation/exchange-rates-Lebanon-Local+currency+units+per+USD-October-2006,https://data.humdata.org/dataset/faostat-food-prices-for-lebanon,October,Food and Agriculture Organization,2006,Local currency units per USD,http://linked.aub.edu.lb/CODEC/Lebanon/Dataset/exchange-rates-Lebanon
http://dbpedia.org/resource/Lebanon,10/31/2007,Lebanese Pound,LCU,10/1/2007,1.51E+03,http://linked.aub.edu.lb/CODEC/Lebanon/observation/exchange-rates-Lebanon-Local+currency+units+per+USD-October-2007,https://data.humdata.org/dataset/faostat-food-prices-for-lebanon,October,Food and Agriculture Organization,2007,Local currency units per USD,http://linked.aub.edu.lb/CODEC/Lebanon/Dataset/exchange-rates-Lebanon
http://dbpedia.org/resource/Lebanon,10/31/2008,Lebanese Pound,LCU,10/1/2008,1.51E+03,http://linked.aub.edu.lb/CODEC/Lebanon/observation/exchange-rates-Lebanon-Local+currency+units+per+USD-October-2008,https://data.humdata.org/dataset/faostat-food-prices-for-lebanon,October,Food and Agriculture Organization,2008,Local currency units per USD,http://linked.aub.edu.lb/CODEC/Lebanon/Dataset/exchange-rates-Lebanon
http://dbpedia.org/resource/Lebanon,10/31/2009,Lebanese Pound,LCU,10/1/2009,1.51E+03,http://linked.aub.edu.lb/CODEC/Lebanon/observation/exchange-rates-Lebanon-Local+currency+units+per+USD-October-2009,https://data.humdata.org/dataset/faostat-food-prices-for-lebanon,October,Food and Agriculture Organization,2009,Local currency units per USD,http://linked.aub.edu.lb/CODEC/Lebanon/Dataset/exchange-rates-Lebanon
http://dbpedia.org/resource/Lebanon,10/31/2010,Lebanese Pound,LCU,10/1/2010,1.51E+03,http://linked.aub.edu.lb/CODEC/Lebanon/observation/exchange-rates-Lebanon-Local+currency+units+per+USD-October-2010,https://data.humdata.org/dataset/faostat-food-prices-for-lebanon,October,Food and Agriculture Organization,2010,Local currency units per USD,http://linked.aub.edu.lb/CODEC/Lebanon/Dataset/exchange-rates-Lebanon
http://dbpedia.org/resource/Lebanon,10/31/2011,Lebanese Pound,LCU,10/1/2011,1.51E+03,http://linked.aub.edu.lb/CODEC/Lebanon/observation/exchange-rates-Lebanon-Local+currency+units+per+USD-October-2011,https://data.humdata.org/dataset/faostat-food-prices-for-lebanon,October,Food and Agriculture Organization,2011,Local currency units per USD,http://linked.aub.edu.lb/CODEC/Lebanon/Dataset/exchange-rates-Lebanon
http://dbpedia.org/resource/Lebanon,10/31/2012,Lebanese Pound,LCU,10/1/2012,1.51E+03,http://linked.aub.edu.lb/CODEC/Lebanon/observation/exchange-rates-Lebanon-Local+currency+units+per+USD-October-2012,https://data.humdata.org/dataset/faostat-food-prices-for-lebanon,October,Food and Agriculture Organization,2012,Local currency units per USD,http://linked.aub.edu.lb/CODEC/Lebanon/Dataset/exchange-rates-Lebanon
http://dbpedia.org/resource/Lebanon,10/31/2013,Lebanese Pound,LCU,10/1/2013,1.51E+03,http://linked.aub.edu.lb/CODEC/Lebanon/observation/exchange-rates-Lebanon-Local+currency+units+per+USD-October-2013,https://data.humdata.org/dataset/faostat-food-prices-for-lebanon,October,Food and Agriculture Organization,2013,Local currency units per USD,http://linked.aub.edu.lb/CODEC/Lebanon/Dataset/exchange-rates-Lebanon
http://dbpedia.org/resource/Lebanon,10/31/2014,Lebanese Pound,LCU,10/1/2014,1.51E+03,http://linked.aub.edu.lb/CODEC/Lebanon/observation/exchange-rates-Lebanon-Local+currency+units+per+USD-October-2014,https://data.humdata.org/dataset/faostat-food-prices-for-lebanon,October,Food and Agriculture Organization,2014,Local currency units per USD,http://linked.aub.edu.lb/CODEC/Lebanon/Dataset/exchange-rates-Lebanon
http://dbpedia.org/resource/Lebanon,10/31/2015,Lebanese Pound,LCU,10/1/2015,1.51E+03,http://linked.aub.edu.lb/CODEC/Lebanon/observation/exchange-rates-Lebanon-Local+currency+units+per+USD-October-2015,https://data.humdata.org/dataset/faostat-food-prices-for-lebanon,October,Food and Agriculture Organization,2015,Local currency units per USD,http://linked.aub.edu.lb/CODEC/Lebanon/Dataset/exchange-rates-Lebanon
http://dbpedia.org/resource/Lebanon,10/31/2016,Lebanese Pound,LCU,10/1/2016,1.51E+03,http://linked.aub.edu.lb/CODEC/Lebanon/observation/exchange-rates-Lebanon-Local+currency+units+per+USD-October-2016,https://data.humdata.org/dataset/faostat-food-prices-for-lebanon,October,Food and Agriculture Organization,2016,Local currency units per USD,http://linked.aub.edu.lb/CODEC/Lebanon/Dataset/exchange-rates-Lebanon
http://dbpedia.org/resource/Lebanon,10/31/2017,Lebanese Pound,LCU,10/1/2017,1.51E+03,http://linked.aub.edu.lb/CODEC/Lebanon/observation/exchange-rates-Lebanon-Local+currency+units+per+USD-October-2017,https://data.humdata.org/dataset/faostat-food-prices-for-lebanon,October,Food and Agriculture Organization,2017,Local currency units per USD,http://linked.aub.edu.lb/CODEC/Lebanon/Dataset/exchange-rates-Lebanon
http://dbpedia.org/resource/Lebanon,10/31/2018,Lebanese Pound,LCU,10/1/2018,1.51E+03,http://linked.aub.edu.lb/CODEC/Lebanon/observation/exchange-rates-Lebanon-Local+currency+units+per+USD-October-2018,https://data.humdata.org/dataset/faostat-food-prices-for-lebanon,October,Food and Agriculture Organization,2018,Local currency units per USD,http://linked.aub.edu.lb/CODEC/Lebanon/Dataset/exchange-rates-Lebanon
http://dbpedia.org/resource/Lebanon,10/31/2019,Lebanese Pound,LCU,10/1/2019,1.51E+03,http://linked.aub.edu.lb/CODEC/Lebanon/observation/exchange-rates-Lebanon-Local+currency+units+per+USD-October-2019,https://data.humdata.org/dataset/faostat-food-prices-for-lebanon,October,Food and Agriculture Organization,2019,Local currency units per USD,http://linked.aub.edu.lb/CODEC/Lebanon/Dataset/exchange-rates-Lebanon
http://dbpedia.org/resource/Lebanon,10/31/2020,Lebanese Pound,LCU,10/1/2020,1.51E+03,http://linked.aub.edu.lb/CODEC/Lebanon/observation/exchange-rates-Lebanon-Local+currency+units+per+USD-October-2020,https://data.humdata.org/dataset/faostat-food-prices-for-lebanon,October,Food and Agriculture Organization,2020,Local currency units per USD,http://linked.aub.edu.lb/CODEC/Lebanon/Dataset/exchange-rates-Lebanon
http://dbpedia.org/resource/Lebanon,10/31/2021,Lebanese Pound,LCU,10/1/2021,1.51E+03,http://linked.aub.edu.lb/CODEC/Lebanon/observation/exchange-rates-Lebanon-Local+currency+units+per+USD-October-2021,https://data.humdata.org/dataset/faostat-food-prices-for-lebanon,October,Food and Agriculture Organization,2021,Local currency units per USD,http://linked.aub.edu.lb/CODEC/Lebanon/Dataset/exchange-rates-Lebanon
http://dbpedia.org/resource/Lebanon,10/31/2022,Lebanese Pound,LCU,10/1/2022,1.51E+03,http://linked.aub.edu.lb/CODEC/Lebanon/observation/exchange-rates-Lebanon-Local+currency+units+per+USD-October-2022,https://data.humdata.org/dataset/faostat-food-prices-for-lebanon,October,Food and Agriculture Organization,2022,Local currency units per USD,http://linked.aub.edu.lb/CODEC/Lebanon/Dataset/exchange-rates-Lebanon
http://dbpedia.org/resource/Lebanon,9/30/1970,Lebanese Pound,LCU,9/1/1970,3.27E+00,http://linked.aub.edu.lb/CODEC/Lebanon/observation/exchange-rates-Lebanon-Local+currency+units+per+USD-September-1970,https://data.humdata.org/dataset/faostat-food-prices-for-lebanon,September,Food and Agriculture Organization,1970,Local currency units per USD,http://linked.aub.edu.lb/CODEC/Lebanon/Dataset/exchange-rates-Lebanon
http://dbpedia.org/resource/Lebanon,9/30/1971,Lebanese Pound,LCU,9/1/1971,3.19E+00,http://linked.aub.edu.lb/CODEC/Lebanon/observation/exchange-rates-Lebanon-Local+currency+units+per+USD-September-1971,https://data.humdata.org/dataset/faostat-food-prices-for-lebanon,September,Food and Agriculture Organization,1971,Local currency units per USD,http://linked.aub.edu.lb/CODEC/Lebanon/Dataset/exchange-rates-Lebanon
http://dbpedia.org/resource/Lebanon,9/30/1972,Lebanese Pound,LCU,9/1/1972,2.99E+00,http://linked.aub.edu.lb/CODEC/Lebanon/observation/exchange-rates-Lebanon-Local+currency+units+per+USD-September-1972,https://data.humdata.org/dataset/faostat-food-prices-for-lebanon,September,Food and Agriculture Organization,1972,Local currency units per USD,http://linked.aub.edu.lb/CODEC/Lebanon/Dataset/exchange-rates-Lebanon
http://dbpedia.org/resource/Lebanon,9/30/1973,Lebanese Pound,LCU,9/1/1973,2.54E+00,http://linked.aub.edu.lb/CODEC/Lebanon/observation/exchange-rates-Lebanon-Local+currency+units+per+USD-September-1973,https://data.humdata.org/dataset/faostat-food-prices-for-lebanon,September,Food and Agriculture Organization,1973,Local currency units per USD,http://linked.aub.edu.lb/CODEC/Lebanon/Dataset/exchange-rates-Lebanon
http://dbpedia.org/resource/Lebanon,9/30/1974,Lebanese Pound,LCU,9/1/1974,2.26E+00,http://linked.aub.edu.lb/CODEC/Lebanon/observation/exchange-rates-Lebanon-Local+currency+units+per+USD-September-1974,https://data.humdata.org/dataset/faostat-food-prices-for-lebanon,September,Food and Agriculture Organization,1974,Local currency units per USD,http://linked.aub.edu.lb/CODEC/Lebanon/Dataset/exchange-rates-Lebanon
http://dbpedia.org/resource/Lebanon,9/30/1975,Lebanese Pound,LCU,9/1/1975,2.30E+00,http://linked.aub.edu.lb/CODEC/Lebanon/observation/exchange-rates-Lebanon-Local+currency+units+per+USD-September-1975,https://data.humdata.org/dataset/faostat-food-prices-for-lebanon,September,Food and Agriculture Organization,1975,Local currency units per USD,http://linked.aub.edu.lb/CODEC/Lebanon/Dataset/exchange-rates-Lebanon
http://dbpedia.org/resource/Lebanon,9/30/1976,Lebanese Pound,LCU,9/1/1976,3.31E+00,http://linked.aub.edu.lb/CODEC/Lebanon/observation/exchange-rates-Lebanon-Local+currency+units+per+USD-September-1976,https://data.humdata.org/dataset/faostat-food-prices-for-lebanon,September,Food and Agriculture Organization,1976,Local currency units per USD,http://linked.aub.edu.lb/CODEC/Lebanon/Dataset/exchange-rates-Lebanon
http://dbpedia.org/resource/Lebanon,9/30/1977,Lebanese Pound,LCU,9/1/1977,3.11E+00,http://linked.aub.edu.lb/CODEC/Lebanon/observation/exchange-rates-Lebanon-Local+currency+units+per+USD-September-1977,https://data.humdata.org/dataset/faostat-food-prices-for-lebanon,September,Food and Agriculture Organization,1977,Local currency units per USD,http://linked.aub.edu.lb/CODEC/Lebanon/Dataset/exchange-rates-Lebanon
http://dbpedia.org/resource/Lebanon,9/30/1978,Lebanese Pound,LCU,9/1/1978,2.96E+00,http://linked.aub.edu.lb/CODEC/Lebanon/observation/exchange-rates-Lebanon-Local+currency+units+per+USD-September-1978,https://data.humdata.org/dataset/faostat-food-prices-for-lebanon,September,Food and Agriculture Organization,1978,Local currency units per USD,http://linked.aub.edu.lb/CODEC/Lebanon/Dataset/exchange-rates-Lebanon
http://dbpedia.org/resource/Lebanon,9/30/1979,Lebanese Pound,LCU,9/1/1979,3.27E+00,http://linked.aub.edu.lb/CODEC/Lebanon/observation/exchange-rates-Lebanon-Local+currency+units+per+USD-September-1979,https://data.humdata.org/dataset/faostat-food-prices-for-lebanon,September,Food and Agriculture Organization,1979,Local currency units per USD,http://linked.aub.edu.lb/CODEC/Lebanon/Dataset/exchange-rates-Lebanon
http://dbpedia.org/resource/Lebanon,9/30/1980,Lebanese Pound,LCU,9/1/1980,3.44E+00,http://linked.aub.edu.lb/CODEC/Lebanon/observation/exchange-rates-Lebanon-Local+currency+units+per+USD-September-1980,https://data.humdata.org/dataset/faostat-food-prices-for-lebanon,September,Food and Agriculture Organization,1980,Local currency units per USD,http://linked.aub.edu.lb/CODEC/Lebanon/Dataset/exchange-rates-Lebanon
http://dbpedia.org/resource/Lebanon,9/30/1981,Lebanese Pound,LCU,9/1/1981,4.62E+00,http://linked.aub.edu.lb/CODEC/Lebanon/observation/exchange-rates-Lebanon-Local+currency+units+per+USD-September-1981,https://data.humdata.org/dataset/faostat-food-prices-for-lebanon,September,Food and Agriculture Organization,1981,Local currency units per USD,http://linked.aub.edu.lb/CODEC/Lebanon/Dataset/exchange-rates-Lebanon
http://dbpedia.org/resource/Lebanon,9/30/1982,Lebanese Pound,LCU,9/1/1982,4.69E+00,http://linked.aub.edu.lb/CODEC/Lebanon/observation/exchange-rates-Lebanon-Local+currency+units+per+USD-September-1982,https://data.humdata.org/dataset/faostat-food-prices-for-lebanon,September,Food and Agriculture Organization,1982,Local currency units per USD,http://linked.aub.edu.lb/CODEC/Lebanon/Dataset/exchange-rates-Lebanon
http://dbpedia.org/resource/Lebanon,9/30/1983,Lebanese Pound,LCU,9/1/1983,4.89E+00,http://linked.aub.edu.lb/CODEC/Lebanon/observation/exchange-rates-Lebanon-Local+currency+units+per+USD-September-1983,https://data.humdata.org/dataset/faostat-food-prices-for-lebanon,September,Food and Agriculture Organization,1983,Local currency units per USD,http://linked.aub.edu.lb/CODEC/Lebanon/Dataset/exchange-rates-Lebanon
http://dbpedia.org/resource/Lebanon,9/30/1984,Lebanese Pound,LCU,9/1/1984,6.99E+00,http://linked.aub.edu.lb/CODEC/Lebanon/observation/exchange-rates-Lebanon-Local+currency+units+per+USD-September-1984,https://data.humdata.org/dataset/faostat-food-prices-for-lebanon,September,Food and Agriculture Organization,1984,Local currency units per USD,http://linked.aub.edu.lb/CODEC/Lebanon/Dataset/exchange-rates-Lebanon
http://dbpedia.org/resource/Lebanon,9/30/1985,Lebanese Pound,LCU,9/1/1985,1.86E+01,http://linked.aub.edu.lb/CODEC/Lebanon/observation/exchange-rates-Lebanon-Local+currency+units+per+USD-September-1985,https://data.humdata.org/dataset/faostat-food-prices-for-lebanon,September,Food and Agriculture Organization,1985,Local currency units per USD,http://linked.aub.edu.lb/CODEC/Lebanon/Dataset/exchange-rates-Lebanon
http://dbpedia.org/resource/Lebanon,9/30/1986,Lebanese Pound,LCU,9/1/1986,4.36E+01,http://linked.aub.edu.lb/CODEC/Lebanon/observation/exchange-rates-Lebanon-Local+currency+units+per+USD-September-1986,https://data.humdata.org/dataset/faostat-food-prices-for-lebanon,September,Food and Agriculture Organization,1986,Local currency units per USD,http://linked.aub.edu.lb/CODEC/Lebanon/Dataset/exchange-rates-Lebanon
http://dbpedia.org/resource/Lebanon,9/30/1987,Lebanese Pound,LCU,9/1/1987,2.73E+02,http://linked.aub.edu.lb/CODEC/Lebanon/observation/exchange-rates-Lebanon-Local+currency+units+per+USD-September-1987,https://data.humdata.org/dataset/faostat-food-prices-for-lebanon,September,Food and Agriculture Organization,1987,Local currency units per USD,http://linked.aub.edu.lb/CODEC/Lebanon/Dataset/exchange-rates-Lebanon
http://dbpedia.org/resource/Lebanon,9/30/1988,Lebanese Pound,LCU,9/1/1988,4.01E+02,http://linked.aub.edu.lb/CODEC/Lebanon/observation/exchange-rates-Lebanon-Local+currency+units+per+USD-September-1988,https://data.humdata.org/dataset/faostat-food-prices-for-lebanon,September,Food and Agriculture Organization,1988,Local currency units per USD,http://linked.aub.edu.lb/CODEC/Lebanon/Dataset/exchange-rates-Lebanon
http://dbpedia.org/resource/Lebanon,9/30/1989,Lebanese Pound,LCU,9/1/1989,5.05E+02,http://linked.aub.edu.lb/CODEC/Lebanon/observation/exchange-rates-Lebanon-Local+currency+units+per+USD-September-1989,https://data.humdata.org/dataset/faostat-food-prices-for-lebanon,September,Food and Agriculture Organization,1989,Local currency units per USD,http://linked.aub.edu.lb/CODEC/Lebanon/Dataset/exchange-rates-Lebanon
http://dbpedia.org/resource/Lebanon,9/30/1990,Lebanese Pound,LCU,9/1/1990,1.08E+03,http://linked.aub.edu.lb/CODEC/Lebanon/observation/exchange-rates-Lebanon-Local+currency+units+per+USD-September-1990,https://data.humdata.org/dataset/faostat-food-prices-for-lebanon,September,Food and Agriculture Organization,1990,Local currency units per USD,http://linked.aub.edu.lb/CODEC/Lebanon/Dataset/exchange-rates-Lebanon
http://dbpedia.org/resource/Lebanon,9/30/1991,Lebanese Pound,LCU,9/1/1991,8.92E+02,http://linked.aub.edu.lb/CODEC/Lebanon/observation/exchange-rates-Lebanon-Local+currency+units+per+USD-September-1991,https://data.humdata.org/dataset/faostat-food-prices-for-lebanon,September,Food and Agriculture Organization,1991,Local currency units per USD,http://linked.aub.edu.lb/CODEC/Lebanon/Dataset/exchange-rates-Lebanon
http://dbpedia.org/resource/Lebanon,9/30/1992,Lebanese Pound,LCU,9/1/1992,2.53E+03,http://linked.aub.edu.lb/CODEC/Lebanon/observation/exchange-rates-Lebanon-Local+currency+units+per+USD-September-1992,https://data.humdata.org/dataset/faostat-food-prices-for-lebanon,September,Food and Agriculture Organization,1992,Local currency units per USD,http://linked.aub.edu.lb/CODEC/Lebanon/Dataset/exchange-rates-Lebanon
http://dbpedia.org/resource/Lebanon,9/30/1993,Lebanese Pound,LCU,9/1/1993,1.72E+03,http://linked.aub.edu.lb/CODEC/Lebanon/observation/exchange-rates-Lebanon-Local+currency+units+per+USD-September-1993,https://data.humdata.org/dataset/faostat-food-prices-for-lebanon,September,Food and Agriculture Organization,1993,Local currency units per USD,http://linked.aub.edu.lb/CODEC/Lebanon/Dataset/exchange-rates-Lebanon
http://dbpedia.org/resource/Lebanon,9/30/1994,Lebanese Pound,LCU,9/1/1994,1.67E+03,http://linked.aub.edu.lb/CODEC/Lebanon/observation/exchange-rates-Lebanon-Local+currency+units+per+USD-September-1994,https://data.humdata.org/dataset/faostat-food-prices-for-lebanon,September,Food and Agriculture Organization,1994,Local currency units per USD,http://linked.aub.edu.lb/CODEC/Lebanon/Dataset/exchange-rates-Lebanon
http://dbpedia.org/resource/Lebanon,9/30/1995,Lebanese Pound,LCU,9/1/1995,1.61E+03,http://linked.aub.edu.lb/CODEC/Lebanon/observation/exchange-rates-Lebanon-Local+currency+units+per+USD-September-1995,https://data.humdata.org/dataset/faostat-food-prices-for-lebanon,September,Food and Agriculture Organization,1995,Local currency units per USD,http://linked.aub.edu.lb/CODEC/Lebanon/Dataset/exchange-rates-Lebanon
http://dbpedia.org/resource/Lebanon,9/30/1996,Lebanese Pound,LCU,9/1/1996,1.56E+03,http://linked.aub.edu.lb/CODEC/Lebanon/observation/exchange-rates-Lebanon-Local+currency+units+per+USD-September-1996,https://data.humdata.org/dataset/faostat-food-prices-for-lebanon,September,Food and Agriculture Organization,1996,Local currency units per USD,http://linked.aub.edu.lb/CODEC/Lebanon/Dataset/exchange-rates-Lebanon
http://dbpedia.org/resource/Lebanon,9/30/1997,Lebanese Pound,LCU,9/1/1997,1.53E+03,http://linked.aub.edu.lb/CODEC/Lebanon/observation/exchange-rates-Lebanon-Local+currency+units+per+USD-September-1997,https://data.humdata.org/dataset/faostat-food-prices-for-lebanon,September,Food and Agriculture Organization,1997,Local currency units per USD,http://linked.aub.edu.lb/CODEC/Lebanon/Dataset/exchange-rates-Lebanon
http://dbpedia.org/resource/Lebanon,9/30/1998,Lebanese Pound,LCU,9/1/1998,1.51E+03,http://linked.aub.edu.lb/CODEC/Lebanon/observation/exchange-rates-Lebanon-Local+currency+units+per+USD-September-1998,https://data.humdata.org/dataset/faostat-food-prices-for-lebanon,September,Food and Agriculture Organization,1998,Local currency units per USD,http://linked.aub.edu.lb/CODEC/Lebanon/Dataset/exchange-rates-Lebanon
http://dbpedia.org/resource/Lebanon,9/30/1999,Lebanese Pound,LCU,9/1/1999,1.51E+03,http://linked.aub.edu.lb/CODEC/Lebanon/observation/exchange-rates-Lebanon-Local+currency+units+per+USD-September-1999,https://data.humdata.org/dataset/faostat-food-prices-for-lebanon,September,Food and Agriculture Organization,1999,Local currency units per USD,http://linked.aub.edu.lb/CODEC/Lebanon/Dataset/exchange-rates-Lebanon
http://dbpedia.org/resource/Lebanon,9/30/2000,Lebanese Pound,LCU,9/1/2000,1.51E+03,http://linked.aub.edu.lb/CODEC/Lebanon/observation/exchange-rates-Lebanon-Local+currency+units+per+USD-September-2000,https://data.humdata.org/dataset/faostat-food-prices-for-lebanon,September,Food and Agriculture Organization,2000,Local currency units per USD,http://linked.aub.edu.lb/CODEC/Lebanon/Dataset/exchange-rates-Lebanon
http://dbpedia.org/resource/Lebanon,9/30/2001,Lebanese Pound,LCU,9/1/2001,1.51E+03,http://linked.aub.edu.lb/CODEC/Lebanon/observation/exchange-rates-Lebanon-Local+currency+units+per+USD-September-2001,https://data.humdata.org/dataset/faostat-food-prices-for-lebanon,September,Food and Agriculture Organization,2001,Local currency units per USD,http://linked.aub.edu.lb/CODEC/Lebanon/Dataset/exchange-rates-Lebanon
http://dbpedia.org/resource/Lebanon,9/30/2002,Lebanese Pound,LCU,9/1/2002,1.51E+03,http://linked.aub.edu.lb/CODEC/Lebanon/observation/exchange-rates-Lebanon-Local+currency+units+per+USD-September-2002,https://data.humdata.org/dataset/faostat-food-prices-for-lebanon,September,Food and Agriculture Organization,2002,Local currency units per USD,http://linked.aub.edu.lb/CODEC/Lebanon/Dataset/exchange-rates-Lebanon
http://dbpedia.org/resource/Lebanon,9/30/2003,Lebanese Pound,LCU,9/1/2003,1.51E+03,http://linked.aub.edu.lb/CODEC/Lebanon/observation/exchange-rates-Lebanon-Local+currency+units+per+USD-September-2003,https://data.humdata.org/dataset/faostat-food-prices-for-lebanon,September,Food and Agriculture Organization,2003,Local currency units per USD,http://linked.aub.edu.lb/CODEC/Lebanon/Dataset/exchange-rates-Lebanon
http://dbpedia.org/resource/Lebanon,9/30/2004,Lebanese Pound,LCU,9/1/2004,1.51E+03,http://linked.aub.edu.lb/CODEC/Lebanon/observation/exchange-rates-Lebanon-Local+currency+units+per+USD-September-2004,https://data.humdata.org/dataset/faostat-food-prices-for-lebanon,September,Food and Agriculture Organization,2004,Local currency units per USD,http://linked.aub.edu.lb/CODEC/Lebanon/Dataset/exchange-rates-Lebanon
http://dbpedia.org/resource/Lebanon,9/30/2005,Lebanese Pound,LCU,9/1/2005,1.51E+03,http://linked.aub.edu.lb/CODEC/Lebanon/observation/exchange-rates-Lebanon-Local+currency+units+per+USD-September-2005,https://data.humdata.org/dataset/faostat-food-prices-for-lebanon,September,Food and Agriculture Organization,2005,Local currency units per USD,http://linked.aub.edu.lb/CODEC/Lebanon/Dataset/exchange-rates-Lebanon
http://dbpedia.org/resource/Lebanon,9/30/2006,Lebanese Pound,LCU,9/1/2006,1.51E+03,http://linked.aub.edu.lb/CODEC/Lebanon/observation/exchange-rates-Lebanon-Local+currency+units+per+USD-September-2006,https://data.humdata.org/dataset/faostat-food-prices-for-lebanon,September,Food and Agriculture Organization,2006,Local currency units per USD,http://linked.aub.edu.lb/CODEC/Lebanon/Dataset/exchange-rates-Lebanon
http://dbpedia.org/resource/Lebanon,9/30/2007,Lebanese Pound,LCU,9/1/2007,1.51E+03,http://linked.aub.edu.lb/CODEC/Lebanon/observation/exchange-rates-Lebanon-Local+currency+units+per+USD-September-2007,https://data.humdata.org/dataset/faostat-food-prices-for-lebanon,September,Food and Agriculture Organization,2007,Local currency units per USD,http://linked.aub.edu.lb/CODEC/Lebanon/Dataset/exchange-rates-Lebanon
http://dbpedia.org/resource/Lebanon,9/30/2008,Lebanese Pound,LCU,9/1/2008,1.51E+03,http://linked.aub.edu.lb/CODEC/Lebanon/observation/exchange-rates-Lebanon-Local+currency+units+per+USD-September-2008,https://data.humdata.org/dataset/faostat-food-prices-for-lebanon,September,Food and Agriculture Organization,2008,Local currency units per USD,http://linked.aub.edu.lb/CODEC/Lebanon/Dataset/exchange-rates-Lebanon
http://dbpedia.org/resource/Lebanon,9/30/2009,Lebanese Pound,LCU,9/1/2009,1.51E+03,http://linked.aub.edu.lb/CODEC/Lebanon/observation/exchange-rates-Lebanon-Local+currency+units+per+USD-September-2009,https://data.humdata.org/dataset/faostat-food-prices-for-lebanon,September,Food and Agriculture Organization,2009,Local currency units per USD,http://linked.aub.edu.lb/CODEC/Lebanon/Dataset/exchange-rates-Lebanon
http://dbpedia.org/resource/Lebanon,9/30/2010,Lebanese Pound,LCU,9/1/2010,1.51E+03,http://linked.aub.edu.lb/CODEC/Lebanon/observation/exchange-rates-Lebanon-Local+currency+units+per+USD-September-2010,https://data.humdata.org/dataset/faostat-food-prices-for-lebanon,September,Food and Agriculture Organization,2010,Local currency units per USD,http://linked.aub.edu.lb/CODEC/Lebanon/Dataset/exchange-rates-Lebanon
http://dbpedia.org/resource/Lebanon,9/30/2011,Lebanese Pound,LCU,9/1/2011,1.51E+03,http://linked.aub.edu.lb/CODEC/Lebanon/observation/exchange-rates-Lebanon-Local+currency+units+per+USD-September-2011,https://data.humdata.org/dataset/faostat-food-prices-for-lebanon,September,Food and Agriculture Organization,2011,Local currency units per USD,http://linked.aub.edu.lb/CODEC/Lebanon/Dataset/exchange-rates-Lebanon
http://dbpedia.org/resource/Lebanon,9/30/2012,Lebanese Pound,LCU,9/1/2012,1.51E+03,http://linked.aub.edu.lb/CODEC/Lebanon/observation/exchange-rates-Lebanon-Local+currency+units+per+USD-September-2012,https://data.humdata.org/dataset/faostat-food-prices-for-lebanon,September,Food and Agriculture Organization,2012,Local currency units per USD,http://linked.aub.edu.lb/CODEC/Lebanon/Dataset/exchange-rates-Lebanon
http://dbpedia.org/resource/Lebanon,9/30/2013,Lebanese Pound,LCU,9/1/2013,1.51E+03,http://linked.aub.edu.lb/CODEC/Lebanon/observation/exchange-rates-Lebanon-Local+currency+units+per+USD-September-2013,https://data.humdata.org/dataset/faostat-food-prices-for-lebanon,September,Food and Agriculture Organization,2013,Local currency units per USD,http://linked.aub.edu.lb/CODEC/Lebanon/Dataset/exchange-rates-Lebanon
http://dbpedia.org/resource/Lebanon,9/30/2014,Lebanese Pound,LCU,9/1/2014,1.51E+03,http://linked.aub.edu.lb/CODEC/Lebanon/observation/exchange-rates-Lebanon-Local+currency+units+per+USD-September-2014,https://data.humdata.org/dataset/faostat-food-prices-for-lebanon,September,Food and Agriculture Organization,2014,Local currency units per USD,http://linked.aub.edu.lb/CODEC/Lebanon/Dataset/exchange-rates-Lebanon
http://dbpedia.org/resource/Lebanon,9/30/2015,Lebanese Pound,LCU,9/1/2015,1.51E+03,http://linked.aub.edu.lb/CODEC/Lebanon/observation/exchange-rates-Lebanon-Local+currency+units+per+USD-September-2015,https://data.humdata.org/dataset/faostat-food-prices-for-lebanon,September,Food and Agriculture Organization,2015,Local currency units per USD,http://linked.aub.edu.lb/CODEC/Lebanon/Dataset/exchange-rates-Lebanon
http://dbpedia.org/resource/Lebanon,9/30/2016,Lebanese Pound,LCU,9/1/2016,1.51E+03,http://linked.aub.edu.lb/CODEC/Lebanon/observation/exchange-rates-Lebanon-Local+currency+units+per+USD-September-2016,https://data.humdata.org/dataset/faostat-food-prices-for-lebanon,September,Food and Agriculture Organization,2016,Local currency units per USD,http://linked.aub.edu.lb/CODEC/Lebanon/Dataset/exchange-rates-Lebanon
http://dbpedia.org/resource/Lebanon,9/30/2017,Lebanese Pound,LCU,9/1/2017,1.51E+03,http://linked.aub.edu.lb/CODEC/Lebanon/observation/exchange-rates-Lebanon-Local+currency+units+per+USD-September-2017,https://data.humdata.org/dataset/faostat-food-prices-for-lebanon,September,Food and Agriculture Organization,2017,Local currency units per USD,http://linked.aub.edu.lb/CODEC/Lebanon/Dataset/exchange-rates-Lebanon
http://dbpedia.org/resource/Lebanon,9/30/2018,Lebanese Pound,LCU,9/1/2018,1.51E+03,http://linked.aub.edu.lb/CODEC/Lebanon/observation/exchange-rates-Lebanon-Local+currency+units+per+USD-September-2018,https://data.humdata.org/dataset/faostat-food-prices-for-lebanon,September,Food and Agriculture Organization,2018,Local currency units per USD,http://linked.aub.edu.lb/CODEC/Lebanon/Dataset/exchange-rates-Lebanon
http://dbpedia.org/resource/Lebanon,9/30/2019,Lebanese Pound,LCU,9/1/2019,1.51E+03,http://linked.aub.edu.lb/CODEC/Lebanon/observation/exchange-rates-Lebanon-Local+currency+units+per+USD-September-2019,https://data.humdata.org/dataset/faostat-food-prices-for-lebanon,September,Food and Agriculture Organization,2019,Local currency units per USD,http://linked.aub.edu.lb/CODEC/Lebanon/Dataset/exchange-rates-Lebanon
http://dbpedia.org/resource/Lebanon,9/30/2020,Lebanese Pound,LCU,9/1/2020,1.51E+03,http://linked.aub.edu.lb/CODEC/Lebanon/observation/exchange-rates-Lebanon-Local+currency+units+per+USD-September-2020,https://data.humdata.org/dataset/faostat-food-prices-for-lebanon,September,Food and Agriculture Organization,2020,Local currency units per USD,http://linked.aub.edu.lb/CODEC/Lebanon/Dataset/exchange-rates-Lebanon
http://dbpedia.org/resource/Lebanon,9/30/2021,Lebanese Pound,LCU,9/1/2021,1.51E+03,http://linked.aub.edu.lb/CODEC/Lebanon/observation/exchange-rates-Lebanon-Local+currency+units+per+USD-September-2021,https://data.humdata.org/dataset/faostat-food-prices-for-lebanon,September,Food and Agriculture Organization,2021,Local currency units per USD,http://linked.aub.edu.lb/CODEC/Lebanon/Dataset/exchange-rates-Lebanon
http://dbpedia.org/resource/Lebanon,9/30/2022,Lebanese Pound,LCU,9/1/2022,1.51E+03,http://linked.aub.edu.lb/CODEC/Lebanon/observation/exchange-rates-Lebanon-Local+currency+units+per+USD-September-2022,https://data.humdata.org/dataset/faostat-food-prices-for-lebanon,September,Food and Agriculture Organization,2022,Local currency units per USD,http://linked.aub.edu.lb/CODEC/Lebanon/Dataset/exchange-rates-Lebanon
http://dbpedia.org/resource/Lebanon,12/31/1970,Lebanese Pound,SLC,1/1/1970,3.27E+00,http://linked.aub.edu.lb/CODEC/Lebanon/observation/exchange-rates-Lebanon-Standard+local+currency+units+per+USD-Annual+value-1970,https://data.humdata.org/dataset/faostat-food-prices-for-lebanon,Annual value,Food and Agriculture Organization,1970,Standard local currency units per USD,http://linked.aub.edu.lb/CODEC/Lebanon/Dataset/exchange-rates-Lebanon
http://dbpedia.org/resource/Lebanon,12/31/1971,Lebanese Pound,SLC,1/1/1971,3.23E+00,http://linked.aub.edu.lb/CODEC/Lebanon/observation/exchange-rates-Lebanon-Standard+local+currency+units+per+USD-Annual+value-1971,https://data.humdata.org/dataset/faostat-food-prices-for-lebanon,Annual value,Food and Agriculture Organization,1971,Standard local currency units per USD,http://linked.aub.edu.lb/CODEC/Lebanon/Dataset/exchange-rates-Lebanon
http://dbpedia.org/resource/Lebanon,12/31/1972,Lebanese Pound,SLC,1/1/1972,3.05E+00,http://linked.aub.edu.lb/CODEC/Lebanon/observation/exchange-rates-Lebanon-Standard+local+currency+units+per+USD-Annual+value-1972,https://data.humdata.org/dataset/faostat-food-prices-for-lebanon,Annual value,Food and Agriculture Organization,1972,Standard local currency units per USD,http://linked.aub.edu.lb/CODEC/Lebanon/Dataset/exchange-rates-Lebanon
http://dbpedia.org/resource/Lebanon,12/31/1973,Lebanese Pound,SLC,1/1/1973,2.61E+00,http://linked.aub.edu.lb/CODEC/Lebanon/observation/exchange-rates-Lebanon-Standard+local+currency+units+per+USD-Annual+value-1973,https://data.humdata.org/dataset/faostat-food-prices-for-lebanon,Annual value,Food and Agriculture Organization,1973,Standard local currency units per USD,http://linked.aub.edu.lb/CODEC/Lebanon/Dataset/exchange-rates-Lebanon
http://dbpedia.org/resource/Lebanon,12/31/1974,Lebanese Pound,SLC,1/1/1974,2.33E+00,http://linked.aub.edu.lb/CODEC/Lebanon/observation/exchange-rates-Lebanon-Standard+local+currency+units+per+USD-Annual+value-1974,https://data.humdata.org/dataset/faostat-food-prices-for-lebanon,Annual value,Food and Agriculture Organization,1974,Standard local currency units per USD,http://linked.aub.edu.lb/CODEC/Lebanon/Dataset/exchange-rates-Lebanon
http://dbpedia.org/resource/Lebanon,12/31/1975,Lebanese Pound,SLC,1/1/1975,2.30E+00,http://linked.aub.edu.lb/CODEC/Lebanon/observation/exchange-rates-Lebanon-Standard+local+currency+units+per+USD-Annual+value-1975,https://data.humdata.org/dataset/faostat-food-prices-for-lebanon,Annual value,Food and Agriculture Organization,1975,Standard local currency units per USD,http://linked.aub.edu.lb/CODEC/Lebanon/Dataset/exchange-rates-Lebanon
http://dbpedia.org/resource/Lebanon,12/31/1976,Lebanese Pound,SLC,1/1/1976,2.87E+00,http://linked.aub.edu.lb/CODEC/Lebanon/observation/exchange-rates-Lebanon-Standard+local+currency+units+per+USD-Annual+value-1976,https://data.humdata.org/dataset/faostat-food-prices-for-lebanon,Annual value,Food and Agriculture Organization,1976,Standard local currency units per USD,http://linked.aub.edu.lb/CODEC/Lebanon/Dataset/exchange-rates-Lebanon
http://dbpedia.org/resource/Lebanon,12/31/1977,Lebanese Pound,SLC,1/1/1977,3.07E+00,http://linked.aub.edu.lb/CODEC/Lebanon/observation/exchange-rates-Lebanon-Standard+local+currency+units+per+USD-Annual+value-1977,https://data.humdata.org/dataset/faostat-food-prices-for-lebanon,Annual value,Food and Agriculture Organization,1977,Standard local currency units per USD,http://linked.aub.edu.lb/CODEC/Lebanon/Dataset/exchange-rates-Lebanon
http://dbpedia.org/resource/Lebanon,12/31/1978,Lebanese Pound,SLC,1/1/1978,2.96E+00,http://linked.aub.edu.lb/CODEC/Lebanon/observation/exchange-rates-Lebanon-Standard+local+currency+units+per+USD-Annual+value-1978,https://data.humdata.org/dataset/faostat-food-prices-for-lebanon,Annual value,Food and Agriculture Organization,1978,Standard local currency units per USD,http://linked.aub.edu.lb/CODEC/Lebanon/Dataset/exchange-rates-Lebanon
http://dbpedia.org/resource/Lebanon,12/31/1979,Lebanese Pound,SLC,1/1/1979,3.24E+00,http://linked.aub.edu.lb/CODEC/Lebanon/observation/exchange-rates-Lebanon-Standard+local+currency+units+per+USD-Annual+value-1979,https://data.humdata.org/dataset/faostat-food-prices-for-lebanon,Annual value,Food and Agriculture Organization,1979,Standard local currency units per USD,http://linked.aub.edu.lb/CODEC/Lebanon/Dataset/exchange-rates-Lebanon
http://dbpedia.org/resource/Lebanon,12/31/1980,Lebanese Pound,SLC,1/1/1980,3.44E+00,http://linked.aub.edu.lb/CODEC/Lebanon/observation/exchange-rates-Lebanon-Standard+local+currency+units+per+USD-Annual+value-1980,https://data.humdata.org/dataset/faostat-food-prices-for-lebanon,Annual value,Food and Agriculture Organization,1980,Standard local currency units per USD,http://linked.aub.edu.lb/CODEC/Lebanon/Dataset/exchange-rates-Lebanon
http://dbpedia.org/resource/Lebanon,12/31/1981,Lebanese Pound,SLC,1/1/1981,4.31E+00,http://linked.aub.edu.lb/CODEC/Lebanon/observation/exchange-rates-Lebanon-Standard+local+currency+units+per+USD-Annual+value-1981,https://data.humdata.org/dataset/faostat-food-prices-for-lebanon,Annual value,Food and Agriculture Organization,1981,Standard local currency units per USD,http://linked.aub.edu.lb/CODEC/Lebanon/Dataset/exchange-rates-Lebanon
http://dbpedia.org/resource/Lebanon,12/31/1982,Lebanese Pound,SLC,1/1/1982,4.74E+00,http://linked.aub.edu.lb/CODEC/Lebanon/observation/exchange-rates-Lebanon-Standard+local+currency+units+per+USD-Annual+value-1982,https://data.humdata.org/dataset/faostat-food-prices-for-lebanon,Annual value,Food and Agriculture Organization,1982,Standard local currency units per USD,http://linked.aub.edu.lb/CODEC/Lebanon/Dataset/exchange-rates-Lebanon
http://dbpedia.org/resource/Lebanon,12/31/1983,Lebanese Pound,SLC,1/1/1983,4.53E+00,http://linked.aub.edu.lb/CODEC/Lebanon/observation/exchange-rates-Lebanon-Standard+local+currency+units+per+USD-Annual+value-1983,https://data.humdata.org/dataset/faostat-food-prices-for-lebanon,Annual value,Food and Agriculture Organization,1983,Standard local currency units per USD,http://linked.aub.edu.lb/CODEC/Lebanon/Dataset/exchange-rates-Lebanon
http://dbpedia.org/resource/Lebanon,12/31/1984,Lebanese Pound,SLC,1/1/1984,6.51E+00,http://linked.aub.edu.lb/CODEC/Lebanon/observation/exchange-rates-Lebanon-Standard+local+currency+units+per+USD-Annual+value-1984,https://data.humdata.org/dataset/faostat-food-prices-for-lebanon,Annual value,Food and Agriculture Organization,1984,Standard local currency units per USD,http://linked.aub.edu.lb/CODEC/Lebanon/Dataset/exchange-rates-Lebanon
http://dbpedia.org/resource/Lebanon,12/31/1985,Lebanese Pound,SLC,1/1/1985,1.64E+01,http://linked.aub.edu.lb/CODEC/Lebanon/observation/exchange-rates-Lebanon-Standard+local+currency+units+per+USD-Annual+value-1985,https://data.humdata.org/dataset/faostat-food-prices-for-lebanon,Annual value,Food and Agriculture Organization,1985,Standard local currency units per USD,http://linked.aub.edu.lb/CODEC/Lebanon/Dataset/exchange-rates-Lebanon
http://dbpedia.org/resource/Lebanon,12/31/1986,Lebanese Pound,SLC,1/1/1986,3.84E+01,http://linked.aub.edu.lb/CODEC/Lebanon/observation/exchange-rates-Lebanon-Standard+local+currency+units+per+USD-Annual+value-1986,https://data.humdata.org/dataset/faostat-food-prices-for-lebanon,Annual value,Food and Agriculture Organization,1986,Standard local currency units per USD,http://linked.aub.edu.lb/CODEC/Lebanon/Dataset/exchange-rates-Lebanon
http://dbpedia.org/resource/Lebanon,12/31/1987,Lebanese Pound,SLC,1/1/1987,2.25E+02,http://linked.aub.edu.lb/CODEC/Lebanon/observation/exchange-rates-Lebanon-Standard+local+currency+units+per+USD-Annual+value-1987,https://data.humdata.org/dataset/faostat-food-prices-for-lebanon,Annual value,Food and Agriculture Organization,1987,Standard local currency units per USD,http://linked.aub.edu.lb/CODEC/Lebanon/Dataset/exchange-rates-Lebanon
http://dbpedia.org/resource/Lebanon,12/31/1988,Lebanese Pound,SLC,1/1/1988,4.09E+02,http://linked.aub.edu.lb/CODEC/Lebanon/observation/exchange-rates-Lebanon-Standard+local+currency+units+per+USD-Annual+value-1988,https://data.humdata.org/dataset/faostat-food-prices-for-lebanon,Annual value,Food and Agriculture Organization,1988,Standard local currency units per USD,http://linked.aub.edu.lb/CODEC/Lebanon/Dataset/exchange-rates-Lebanon
http://dbpedia.org/resource/Lebanon,12/31/1989,Lebanese Pound,SLC,1/1/1989,4.97E+02,http://linked.aub.edu.lb/CODEC/Lebanon/observation/exchange-rates-Lebanon-Standard+local+currency+units+per+USD-Annual+value-1989,https://data.humdata.org/dataset/faostat-food-prices-for-lebanon,Annual value,Food and Agriculture Organization,1989,Standard local currency units per USD,http://linked.aub.edu.lb/CODEC/Lebanon/Dataset/exchange-rates-Lebanon
http://dbpedia.org/resource/Lebanon,12/31/1990,Lebanese Pound,SLC,1/1/1990,6.95E+02,http://linked.aub.edu.lb/CODEC/Lebanon/observation/exchange-rates-Lebanon-Standard+local+currency+units+per+USD-Annual+value-1990,https://data.humdata.org/dataset/faostat-food-prices-for-lebanon,Annual value,Food and Agriculture Organization,1990,Standard local currency units per USD,http://linked.aub.edu.lb/CODEC/Lebanon/Dataset/exchange-rates-Lebanon
http://dbpedia.org/resource/Lebanon,12/31/1991,Lebanese Pound,SLC,1/1/1991,9.28E+02,http://linked.aub.edu.lb/CODEC/Lebanon/observation/exchange-rates-Lebanon-Standard+local+currency+units+per+USD-Annual+value-1991,https://data.humdata.org/dataset/faostat-food-prices-for-lebanon,Annual value,Food and Agriculture Organization,1991,Standard local currency units per USD,http://linked.aub.edu.lb/CODEC/Lebanon/Dataset/exchange-rates-Lebanon
http://dbpedia.org/resource/Lebanon,12/31/1992,Lebanese Pound,SLC,1/1/1992,1.71E+03,http://linked.aub.edu.lb/CODEC/Lebanon/observation/exchange-rates-Lebanon-Standard+local+currency+units+per+USD-Annual+value-1992,https://data.humdata.org/dataset/faostat-food-prices-for-lebanon,Annual value,Food and Agriculture Organization,1992,Standard local currency units per USD,http://linked.aub.edu.lb/CODEC/Lebanon/Dataset/exchange-rates-Lebanon
http://dbpedia.org/resource/Lebanon,12/31/1993,Lebanese Pound,SLC,1/1/1993,1.74E+03,http://linked.aub.edu.lb/CODEC/Lebanon/observation/exchange-rates-Lebanon-Standard+local+currency+units+per+USD-Annual+value-1993,https://data.humdata.org/dataset/faostat-food-prices-for-lebanon,Annual value,Food and Agriculture Organization,1993,Standard local currency units per USD,http://linked.aub.edu.lb/CODEC/Lebanon/Dataset/exchange-rates-Lebanon
http://dbpedia.org/resource/Lebanon,12/31/1994,Lebanese Pound,SLC,1/1/1994,1.68E+03,http://linked.aub.edu.lb/CODEC/Lebanon/observation/exchange-rates-Lebanon-Standard+local+currency+units+per+USD-Annual+value-1994,https://data.humdata.org/dataset/faostat-food-prices-for-lebanon,Annual value,Food and Agriculture Organization,1994,Standard local currency units per USD,http://linked.aub.edu.lb/CODEC/Lebanon/Dataset/exchange-rates-Lebanon
http://dbpedia.org/resource/Lebanon,12/31/1995,Lebanese Pound,SLC,1/1/1995,1.62E+03,http://linked.aub.edu.lb/CODEC/Lebanon/observation/exchange-rates-Lebanon-Standard+local+currency+units+per+USD-Annual+value-1995,https://data.humdata.org/dataset/faostat-food-prices-for-lebanon,Annual value,Food and Agriculture Organization,1995,Standard local currency units per USD,http://linked.aub.edu.lb/CODEC/Lebanon/Dataset/exchange-rates-Lebanon
http://dbpedia.org/resource/Lebanon,12/31/1996,Lebanese Pound,SLC,1/1/1996,1.57E+03,http://linked.aub.edu.lb/CODEC/Lebanon/observation/exchange-rates-Lebanon-Standard+local+currency+units+per+USD-Annual+value-1996,https://data.humdata.org/dataset/faostat-food-prices-for-lebanon,Annual value,Food and Agriculture Organization,1996,Standard local currency units per USD,http://linked.aub.edu.lb/CODEC/Lebanon/Dataset/exchange-rates-Lebanon
http://dbpedia.org/resource/Lebanon,12/31/1997,Lebanese Pound,SLC,1/1/1997,1.54E+03,http://linked.aub.edu.lb/CODEC/Lebanon/observation/exchange-rates-Lebanon-Standard+local+currency+units+per+USD-Annual+value-1997,https://data.humdata.org/dataset/faostat-food-prices-for-lebanon,Annual value,Food and Agriculture Organization,1997,Standard local currency units per USD,http://linked.aub.edu.lb/CODEC/Lebanon/Dataset/exchange-rates-Lebanon
http://dbpedia.org/resource/Lebanon,12/31/1998,Lebanese Pound,SLC,1/1/1998,1.52E+03,http://linked.aub.edu.lb/CODEC/Lebanon/observation/exchange-rates-Lebanon-Standard+local+currency+units+per+USD-Annual+value-1998,https://data.humdata.org/dataset/faostat-food-prices-for-lebanon,Annual value,Food and Agriculture Organization,1998,Standard local currency units per USD,http://linked.aub.edu.lb/CODEC/Lebanon/Dataset/exchange-rates-Lebanon
http://dbpedia.org/resource/Lebanon,12/31/1999,Lebanese Pound,SLC,1/1/1999,1.51E+03,http://linked.aub.edu.lb/CODEC/Lebanon/observation/exchange-rates-Lebanon-Standard+local+currency+units+per+USD-Annual+value-1999,https://data.humdata.org/dataset/faostat-food-prices-for-lebanon,Annual value,Food and Agriculture Organization,1999,Standard local currency units per USD,http://linked.aub.edu.lb/CODEC/Lebanon/Dataset/exchange-rates-Lebanon
http://dbpedia.org/resource/Lebanon,12/31/2000,Lebanese Pound,SLC,1/1/2000,1.51E+03,http://linked.aub.edu.lb/CODEC/Lebanon/observation/exchange-rates-Lebanon-Standard+local+currency+units+per+USD-Annual+value-2000,https://data.humdata.org/dataset/faostat-food-prices-for-lebanon,Annual value,Food and Agriculture Organization,2000,Standard local currency units per USD,http://linked.aub.edu.lb/CODEC/Lebanon/Dataset/exchange-rates-Lebanon
http://dbpedia.org/resource/Lebanon,12/31/2001,Lebanese Pound,SLC,1/1/2001,1.51E+03,http://linked.aub.edu.lb/CODEC/Lebanon/observation/exchange-rates-Lebanon-Standard+local+currency+units+per+USD-Annual+value-2001,https://data.humdata.org/dataset/faostat-food-prices-for-lebanon,Annual value,Food and Agriculture Organization,2001,Standard local currency units per USD,http://linked.aub.edu.lb/CODEC/Lebanon/Dataset/exchange-rates-Lebanon
http://dbpedia.org/resource/Lebanon,12/31/2002,Lebanese Pound,SLC,1/1/2002,1.51E+03,http://linked.aub.edu.lb/CODEC/Lebanon/observation/exchange-rates-Lebanon-Standard+local+currency+units+per+USD-Annual+value-2002,https://data.humdata.org/dataset/faostat-food-prices-for-lebanon,Annual value,Food and Agriculture Organization,2002,Standard local currency units per USD,http://linked.aub.edu.lb/CODEC/Lebanon/Dataset/exchange-rates-Lebanon
http://dbpedia.org/resource/Lebanon,12/31/2003,Lebanese Pound,SLC,1/1/2003,1.51E+03,http://linked.aub.edu.lb/CODEC/Lebanon/observation/exchange-rates-Lebanon-Standard+local+currency+units+per+USD-Annual+value-2003,https://data.humdata.org/dataset/faostat-food-prices-for-lebanon,Annual value,Food and Agriculture Organization,2003,Standard local currency units per USD,http://linked.aub.edu.lb/CODEC/Lebanon/Dataset/exchange-rates-Lebanon
http://dbpedia.org/resource/Lebanon,12/31/2004,Lebanese Pound,SLC,1/1/2004,1.51E+03,http://linked.aub.edu.lb/CODEC/Lebanon/observation/exchange-rates-Lebanon-Standard+local+currency+units+per+USD-Annual+value-2004,https://data.humdata.org/dataset/faostat-food-prices-for-lebanon,Annual value,Food and Agriculture Organization,2004,Standard local currency units per USD,http://linked.aub.edu.lb/CODEC/Lebanon/Dataset/exchange-rates-Lebanon
http://dbpedia.org/resource/Lebanon,12/31/2005,Lebanese Pound,SLC,1/1/2005,1.51E+03,http://linked.aub.edu.lb/CODEC/Lebanon/observation/exchange-rates-Lebanon-Standard+local+currency+units+per+USD-Annual+value-2005,https://data.humdata.org/dataset/faostat-food-prices-for-lebanon,Annual value,Food and Agriculture Organization,2005,Standard local currency units per USD,http://linked.aub.edu.lb/CODEC/Lebanon/Dataset/exchange-rates-Lebanon
http://dbpedia.org/resource/Lebanon,12/31/2006,Lebanese Pound,SLC,1/1/2006,1.51E+03,http://linked.aub.edu.lb/CODEC/Lebanon/observation/exchange-rates-Lebanon-Standard+local+currency+units+per+USD-Annual+value-2006,https://data.humdata.org/dataset/faostat-food-prices-for-lebanon,Annual value,Food and Agriculture Organization,2006,Standard local currency units per USD,http://linked.aub.edu.lb/CODEC/Lebanon/Dataset/exchange-rates-Lebanon
http://dbpedia.org/resource/Lebanon,12/31/2007,Lebanese Pound,SLC,1/1/2007,1.51E+03,http://linked.aub.edu.lb/CODEC/Lebanon/observation/exchange-rates-Lebanon-Standard+local+currency+units+per+USD-Annual+value-2007,https://data.humdata.org/dataset/faostat-food-prices-for-lebanon,Annual value,Food and Agriculture Organization,2007,Standard local currency units per USD,http://linked.aub.edu.lb/CODEC/Lebanon/Dataset/exchange-rates-Lebanon
http://dbpedia.org/resource/Lebanon,12/31/2008,Lebanese Pound,SLC,1/1/2008,1.51E+03,http://linked.aub.edu.lb/CODEC/Lebanon/observation/exchange-rates-Lebanon-Standard+local+currency+units+per+USD-Annual+value-2008,https://data.humdata.org/dataset/faostat-food-prices-for-lebanon,Annual value,Food and Agriculture Organization,2008,Standard local currency units per USD,http://linked.aub.edu.lb/CODEC/Lebanon/Dataset/exchange-rates-Lebanon
http://dbpedia.org/resource/Lebanon,12/31/2009,Lebanese Pound,SLC,1/1/2009,1.51E+03,http://linked.aub.edu.lb/CODEC/Lebanon/observation/exchange-rates-Lebanon-Standard+local+currency+units+per+USD-Annual+value-2009,https://data.humdata.org/dataset/faostat-food-prices-for-lebanon,Annual value,Food and Agriculture Organization,2009,Standard local currency units per USD,http://linked.aub.edu.lb/CODEC/Lebanon/Dataset/exchange-rates-Lebanon
http://dbpedia.org/resource/Lebanon,12/31/2010,Lebanese Pound,SLC,1/1/2010,1.51E+03,http://linked.aub.edu.lb/CODEC/Lebanon/observation/exchange-rates-Lebanon-Standard+local+currency+units+per+USD-Annual+value-2010,https://data.humdata.org/dataset/faostat-food-prices-for-lebanon,Annual value,Food and Agriculture Organization,2010,Standard local currency units per USD,http://linked.aub.edu.lb/CODEC/Lebanon/Dataset/exchange-rates-Lebanon
http://dbpedia.org/resource/Lebanon,12/31/2011,Lebanese Pound,SLC,1/1/2011,1.51E+03,http://linked.aub.edu.lb/CODEC/Lebanon/observation/exchange-rates-Lebanon-Standard+local+currency+units+per+USD-Annual+value-2011,https://data.humdata.org/dataset/faostat-food-prices-for-lebanon,Annual value,Food and Agriculture Organization,2011,Standard local currency units per USD,http://linked.aub.edu.lb/CODEC/Lebanon/Dataset/exchange-rates-Lebanon
http://dbpedia.org/resource/Lebanon,12/31/2012,Lebanese Pound,SLC,1/1/2012,1.51E+03,http://linked.aub.edu.lb/CODEC/Lebanon/observation/exchange-rates-Lebanon-Standard+local+currency+units+per+USD-Annual+value-2012,https://data.humdata.org/dataset/faostat-food-prices-for-lebanon,Annual value,Food and Agriculture Organization,2012,Standard local currency units per USD,http://linked.aub.edu.lb/CODEC/Lebanon/Dataset/exchange-rates-Lebanon
http://dbpedia.org/resource/Lebanon,12/31/2013,Lebanese Pound,SLC,1/1/2013,1.51E+03,http://linked.aub.edu.lb/CODEC/Lebanon/observation/exchange-rates-Lebanon-Standard+local+currency+units+per+USD-Annual+value-2013,https://data.humdata.org/dataset/faostat-food-prices-for-lebanon,Annual value,Food and Agriculture Organization,2013,Standard local currency units per USD,http://linked.aub.edu.lb/CODEC/Lebanon/Dataset/exchange-rates-Lebanon
http://dbpedia.org/resource/Lebanon,12/31/2014,Lebanese Pound,SLC,1/1/2014,1.51E+03,http://linked.aub.edu.lb/CODEC/Lebanon/observation/exchange-rates-Lebanon-Standard+local+currency+units+per+USD-Annual+value-2014,https://data.humdata.org/dataset/faostat-food-prices-for-lebanon,Annual value,Food and Agriculture Organization,2014,Standard local currency units per USD,http://linked.aub.edu.lb/CODEC/Lebanon/Dataset/exchange-rates-Lebanon
http://dbpedia.org/resource/Lebanon,12/31/2015,Lebanese Pound,SLC,1/1/2015,1.51E+03,http://linked.aub.edu.lb/CODEC/Lebanon/observation/exchange-rates-Lebanon-Standard+local+currency+units+per+USD-Annual+value-2015,https://data.humdata.org/dataset/faostat-food-prices-for-lebanon,Annual value,Food and Agriculture Organization,2015,Standard local currency units per USD,http://linked.aub.edu.lb/CODEC/Lebanon/Dataset/exchange-rates-Lebanon
http://dbpedia.org/resource/Lebanon,12/31/2016,Lebanese Pound,SLC,1/1/2016,1.51E+03,http://linked.aub.edu.lb/CODEC/Lebanon/observation/exchange-rates-Lebanon-Standard+local+currency+units+per+USD-Annual+value-2016,https://data.humdata.org/dataset/faostat-food-prices-for-lebanon,Annual value,Food and Agriculture Organization,2016,Standard local currency units per USD,http://linked.aub.edu.lb/CODEC/Lebanon/Dataset/exchange-rates-Lebanon
http://dbpedia.org/resource/Lebanon,12/31/2017,Lebanese Pound,SLC,1/1/2017,1.51E+03,http://linked.aub.edu.lb/CODEC/Lebanon/observation/exchange-rates-Lebanon-Standard+local+currency+units+per+USD-Annual+value-2017,https://data.humdata.org/dataset/faostat-food-prices-for-lebanon,Annual value,Food and Agriculture Organization,2017,Standard local currency units per USD,http://linked.aub.edu.lb/CODEC/Lebanon/Dataset/exchange-rates-Lebanon
http://dbpedia.org/resource/Lebanon,12/31/2018,Lebanese Pound,SLC,1/1/2018,1.51E+03,http://linked.aub.edu.lb/CODEC/Lebanon/observation/exchange-rates-Lebanon-Standard+local+currency+units+per+USD-Annual+value-2018,https://data.humdata.org/dataset/faostat-food-prices-for-lebanon,Annual value,Food and Agriculture Organization,2018,Standard local currency units per USD,http://linked.aub.edu.lb/CODEC/Lebanon/Dataset/exchange-rates-Lebanon
http://dbpedia.org/resource/Lebanon,12/31/2019,Lebanese Pound,SLC,1/1/2019,1.54E+03,http://linked.aub.edu.lb/CODEC/Lebanon/observation/exchange-rates-Lebanon-Standard+local+currency+units+per+USD-Annual+value-2019,https://data.humdata.org/dataset/faostat-food-prices-for-lebanon,Annual value,Food and Agriculture Organization,2019,Standard local currency units per USD,http://linked.aub.edu.lb/CODEC/Lebanon/Dataset/exchange-rates-Lebanon
http://dbpedia.org/resource/Lebanon,12/31/2020,Lebanese Pound,SLC,1/1/2020,2.45E+03,http://linked.aub.edu.lb/CODEC/Lebanon/observation/exchange-rates-Lebanon-Standard+local+currency+units+per+USD-Annual+value-2020,https://data.humdata.org/dataset/faostat-food-prices-for-lebanon,Annual value,Food and Agriculture Organization,2020,Standard local currency units per USD,http://linked.aub.edu.lb/CODEC/Lebanon/Dataset/exchange-rates-Lebanon
http://dbpedia.org/resource/Lebanon,12/31/2021,Lebanese Pound,SLC,1/1/2021,5.86E+03,http://linked.aub.edu.lb/CODEC/Lebanon/observation/exchange-rates-Lebanon-Standard+local+currency+units+per+USD-Annual+value-2021,https://data.humdata.org/dataset/faostat-food-prices-for-lebanon,Annual value,Food and Agriculture Organization,2021,Standard local currency units per USD,http://linked.aub.edu.lb/CODEC/Lebanon/Dataset/exchange-rates-Lebanon
http://dbpedia.org/resource/Lebanon,12/31/2022,Lebanese Pound,SLC,1/1/2022,5.86E+03,http://linked.aub.edu.lb/CODEC/Lebanon/observation/exchange-rates-Lebanon-Standard+local+currency+units+per+USD-Annual+value-2022,https://data.humdata.org/dataset/faostat-food-prices-for-lebanon,Annual value,Food and Agriculture Organization,2022,Standard local currency units per USD,http://linked.aub.edu.lb/CODEC/Lebanon/Dataset/exchange-rates-Lebanon
